Iter,PrimalRes,DualRes
1,44.99468549499818,44.99468549499818
2,44.994685494997796,44.994685494997796
3,44.99468549499755,44.99468549499755
4,44.99468549497958,44.99468549497958
5,44.99468549499868,44.99468549499868
6,44.99468549498758,44.99468549498758
7,44.994685494999445,44.994685494999445
8,41.94574564821731,41.94574564821731
9,34.31073494497039,34.31073494497039
10,32.201628023128606,32.201628023128606
11,29.01752765496167,29.01752765496167
12,26.493683208676966,26.493683208676966
13,20.591678227879296,20.591678227879296
14,20.272821607594032,20.272821607594032
15,17.243791912405776,17.243791912405776
16,17.113540518779907,17.113540518779907
17,14.916644129686732,14.916644129686732
18,14.810629120412141,14.810629120412141
19,12.927696137300773,12.927696137300773
20,12.834919722841125,12.834919722841125
21,11.204571519371417,11.204571519371417
22,11.123529844071076,11.123529844071076
23,9.710581414452127,9.710581414452127
24,9.639911545324345,9.639911545324345
25,8.415225000356566,8.415225000356566
26,8.353645633926039,8.353645633926039
27,7.292182851692891,7.292182851692891
28,7.2385460630418335,7.2385460630418335
29,6.549945998623231,6.549945998623231
30,6.2719308496561,6.2719308496561
31,8.312333167195874,8.312333167195874
32,7.941870645636438,7.941870645636438
33,8.79804134198641,8.79804134198641
34,6.590484244141359,6.590484244141359
35,6.405999194560507,6.405999194560507
36,5.182607874106817,5.182607874106817
37,4.81930077829815,4.81930077829815
38,4.133978242900205,4.133978242900205
39,4.1339782427058,4.1339782427058
40,3.7141996459394218,3.7141996459394218
41,3.714199644299088,3.714199644299088
42,3.6683213085337156,3.6683213085337156
43,3.668321307505599,3.668321307505599
44,3.700295630166528,3.700295630166528
45,3.700295628211585,3.700295628211585
46,3.778583061267901,3.778583061267901
47,3.7917655879617564,3.7917655879617564
48,3.8892379174647176,3.8892379174647176
49,3.964134240033715,3.964134240033715
50,4.055678798730808,4.055678798730808
51,4.146450863326942,4.146450863326942
52,4.227250885149687,4.227250885149687
53,4.32751490624308,4.32751490624308
54,4.397011028055354,4.397011028055354
55,4.499959947906432,4.499959947906432
56,4.558814360996833,4.558814360996833
57,4.662102899360132,4.662102899360132
58,4.711622030029234,4.711622030029234
59,4.810322814928355,4.810322814928355
60,4.852965071828627,4.852965071828627
61,4.943502676818029,4.943502676818029
62,4.981233291995694,4.981233291995694
63,5.062108606552003,5.062108606552003
64,5.095124028116786,5.095124028116786
65,5.170462353586529,5.170462353586529
66,5.1986823057986005,5.1986823057986005
67,5.26810807601896,5.26810807601896
68,5.2917836459875485,5.2917836459875485
69,5.355510108438994,5.355510108438994
70,5.375019265004244,5.375019265004244
71,5.435480426778019,5.435480426778019
72,5.450974350071675,5.450974350071675
73,5.507621840174328,5.507621840174328
74,5.51948078505831,5.51948078505831
75,5.5721651412929845,5.5721651412929845
76,5.580803461027929,5.580803461027929
77,5.629570290157153,5.629570290157153
78,5.635420137685255,5.635420137685255
79,5.680908818400502,5.680908818400502
80,5.684329405540346,5.684329405540346
81,5.7280407040619155,5.7280407040619155
82,5.728811504407769,5.728811504407769
83,5.770042880270442,5.770042880270442
84,5.770042880269444,5.770042880269444
85,5.807543133256753,5.807543133256753
86,5.807543133251854,5.807543133251854
87,5.840857328582973,5.840857328582973
88,5.84085732858022,5.84085732858022
89,5.870352730980887,5.870352730980887
90,5.87035273097828,5.87035273097828
91,5.896403283173825,5.896403283173825
92,5.8964032831672935,5.8964032831672935
93,5.919370531645288,5.919370531645288
94,5.919370531599676,5.919370531599676
95,5.93914701277064,5.93914701277064
96,5.939147012515664,5.939147012515664
97,5.956958000340228,5.956958000340228
98,5.956958000031498,5.956958000031498
99,5.972631388088032,5.972631388088032
100,5.972631387562852,5.972631387562852
101,5.986421542365292,5.986421542365292
102,5.986421541650157,5.986421541650157
103,5.998552706204229,5.998552706204229
104,5.998552705248255,5.998552705248255
105,6.009223347839485,6.009223347839485
106,6.009223350868111,6.009223350868111
107,6.019072618047309,6.019072618047309
108,6.019072618039315,6.019072618039315
109,6.027328529252635,6.027328529252635
110,6.027328529251937,6.027328529251937
111,6.034590204646674,6.034590204646674
112,6.034590204656435,6.034590204656435
113,6.040976679964366,6.040976679964366
114,6.040976679961923,6.040976679961923
115,6.0465937784823645,6.0465937784823645
116,6.04659377847503,6.04659377847503
117,6.051534264067994,6.051534264067994
118,6.051534264060851,6.051534264060851
119,6.055879700842648,6.055879700842648
120,6.0558797008309355,6.0558797008309355
121,6.059701831803717,6.059701831803717
122,6.059701831787348,6.059701831787348
123,6.062595682408728,6.062595682408728
124,6.0625956823224465,6.0625956823224465
125,6.065552321425987,6.065552321425987
126,6.065552321314116,6.065552321314116
127,6.068153050010687,6.068153050010687
128,6.068153049622869,6.068153049622869
129,6.070440714520234,6.070440714520234
130,6.070440713955132,6.070440713955132
131,6.0724529525491455,6.0724529525491455
132,6.072452951708548,6.072452951708548
133,6.0742229936449466,6.0742229936449466
134,6.074222995632883,6.074222995632883
135,6.075780717753382,6.075780717753382
136,6.075780718006792,6.075780718006792
137,6.077620160160844,6.077620160160844
138,6.077620160160675,6.077620160160675
139,6.078824898785917,6.078824898785917
140,6.078824898773058,6.078824898773058
141,6.079884797561168,6.079884797561168
142,6.0798847975609425,6.0798847975609425
143,6.080817160950718,6.080817160950718
144,6.080817160950523,6.080817160950523
145,6.081637272724119,6.081637272724119
146,6.081637272723949,6.081637272723949
147,6.082357997821122,6.082357997821122
148,6.082357997820975,6.082357997820975
149,6.082996339445536,6.082996339445536
150,6.08299633888093,6.08299633888093
151,6.083080574987721,6.083080574987721
152,6.083080573507299,6.083080573507299
153,6.083570044996527,6.083570044996527
154,6.083570043640237,6.083570043640237
155,6.084001105785477,6.084001105785477
156,6.084001104561052,6.084001104561052
157,6.084380626556004,6.084380626556004
158,6.084380625462163,6.084380625462163
159,6.084714727978892,6.084714727978892
160,6.084714727010319,6.084714727010319
161,6.08500881929691,6.08500881929691
162,6.085008818445744,6.085008818445744
163,6.085267673524754,6.085267673524754
164,6.08526767278164,6.08526767278164
165,6.085495498631434,6.085495498631434
166,6.0854954979863125,6.0854954979863125
167,6.08569600231353,6.08569600231353
168,6.085696001756232,6.085696001756232
169,6.085872450259867,6.085872450259867
170,6.085872449780516,6.085872449780516
171,6.086027718178152,6.086027718178152
172,6.086027717767436,6.086027717767436
173,6.08616433801572,6.08616433801572
174,6.086164337665037,6.086164337665037
175,6.086284538897491,6.086284538897491
176,6.086284538599027,6.086284538599027
177,6.0863902832817836,6.0863902832817836
178,6.086390283028531,6.086390283028531
179,6.086483298860543,6.086483298860543
180,6.086483298646284,6.086483298646284
181,6.086565106669671,6.086565106669671
182,6.086565106488929,6.086565106488929
183,6.086637045843391,6.086637045843391
184,6.086637045691379,6.086637045691379
185,6.086700295405125,6.086700295405125
186,6.086700295277682,6.086700295277682
187,6.086755893445048,6.086755893445048
188,6.086755893338569,6.086755893338569
189,6.086804753995863,6.086804753995863
190,6.086804753907241,6.086804753907241
191,6.086847681882565,6.086847681882565
192,6.086847681809124,6.086847681809124
193,6.0868853857896035,6.0868853857896035
194,6.08688538572906,6.08688538572906
195,6.086918489760093,6.086918489760093
196,6.086918489710484,6.086918489710484
197,6.086947543314902,6.086947543314902
198,6.08694754327455,6.08694754327455
199,6.086973030361472,6.086973030361472
200,6.086973030328956,6.086973030328956
201,6.086995377032706,6.086995377032706
202,6.086995377006806,6.086995377006806
203,6.087014958587801,6.087014958587801
204,6.087014958567484,6.087014958567484
205,6.087032105487735,6.087032105487735
206,6.087032105472125,6.087032105472125
207,6.087047108743954,6.087047108743954
208,6.087047108732304,6.087047108732304
209,6.087060224627623,6.087060224627623
210,6.087060224619301,6.087060224619301
211,6.087071678816146,6.087071678816146
212,6.087071678810616,6.087071678810616
213,6.087081670044327,6.087081670044327
214,6.087081670041133,6.087081670041133
215,6.087090373319526,6.087090373319526
216,6.087090373318286,6.087090373318286
217,6.0870979427529655,6.0870979427529655
218,6.087097942753351,6.087097942753351
219,6.0871045140531015,6.0871045140531015
220,6.0871045140548405,6.0871045140548405
221,6.087110206721475,6.087110206721475
222,6.087110206724334,6.087110206724334
223,6.087115125986506,6.087115125986506
224,6.087115125990284,6.087115125990284
225,6.08711936450664,6.08711936450664
226,6.087119364511179,6.087119364511179
227,6.087123003870323,6.087123003870323
228,6.087123003875476,6.087123003875476
229,6.087126115917002,6.087126115917002
230,6.087126115922654,6.087126115922654
231,6.087128763900644,6.087128763900644
232,6.087128763906696,6.087128763906696
233,6.0871310035144255,6.0871310035144255
234,6.087131003520793,6.087131003520793
235,6.08713288379322,6.08713288379322
236,6.087132883799834,6.087132883799834
237,6.087134447908441,6.087134447908441
238,6.087134447915242,6.087134447915242
239,6.087135733868077,6.087135733868077
240,6.087135733875014,6.087135733875014
241,6.087136775133225,6.087136775133225
242,6.087136775140259,6.087136775140259
243,6.0871376011610945,6.0871376011610945
244,6.087137601168188,6.087137601168188
245,6.087138237883188,6.087138237883188
246,6.087138237890316,6.087138237890316
247,6.087138708126483,6.087138708126483
248,6.087138708133619,6.087138708133619
249,6.087139031984307,6.087139031984307
250,6.087139031991432,6.087139031991432
251,6.08713922714302,6.08713922714302
252,6.087139227150116,6.087139227150116
253,6.0871393091696255,6.0871393091696255
254,6.087139309176682,6.087139309176682
255,6.087139291765142,6.087139291765142
256,6.0871392917721465,6.0871392917721465
257,6.087139186987658,6.087139186987658
258,6.087139186994603,6.087139186994603
259,6.087139005448801,6.087139005448801
260,6.087139005455679,6.087139005455679
261,6.087138756486717,6.087138756486717
262,6.0871387564935215,6.0871387564935215
263,6.0871384483184245,6.0871384483184245
264,6.0871384483251525,6.0871384483251525
265,6.0871380881739405,6.0871380881739405
266,6.087138088180586,6.087138088180586
267,6.0871376824144035,6.0871376824144035
268,6.087137682420967,6.087137682420967
269,6.0871372366361,6.0871372366361
270,6.087137236642579,6.087137236642579
271,6.087136755762007,6.087136755762007
272,6.0871367557684,6.0871367557684
273,6.08713624412245,6.08713624412245
274,6.087136244128756,6.087136244128756
275,6.087135705526088,6.087135705526088
276,6.087135705532308,6.087135705532308
277,6.087135143322434,6.087135143322434
278,6.087135143328567,6.087135143328567
279,6.087134560456885,6.087134560456885
280,6.087134560462933,6.087134560462933
281,6.087133959519164,6.087133959519164
282,6.087133959525126,6.087133959525126
283,6.087133342785988,6.087133342785988
284,6.087133342791865,6.087133342791865
285,6.087132712258622,6.087132712258622
286,6.087132712264416,6.087132712264416
287,6.087132069695939,6.087132069695939
288,6.087132069701652,6.087132069701652
289,6.087131416643525,6.087131416643525
290,6.087131416649154,6.087131416649154
291,6.087130754459277,6.087130754459277
292,6.087130754464828,6.087130754464828
293,6.0871300843359935,6.0871300843359935
294,6.0871300843414655,6.0871300843414655
295,6.087129407321204,6.087129407321204
296,6.087129407326599,6.087129407326599
297,6.087128724334636,6.087128724334636
298,6.087128724339954,6.087128724339954
299,6.087128036183604,6.087128036183604
300,6.087128036188849,6.087128036188849
301,6.0871273435765625,6.0871273435765625
302,6.0871273435817335,6.0871273435817335
303,6.087126647134984,6.087126647134984
304,6.087126647140084,6.087126647140084
305,6.087125947403873,6.087125947403873
306,6.087125947408903,6.087125947408903
307,6.087125244860984,6.087125244860984
308,6.087125244865944,6.087125244865944
309,6.087124539924938,6.087124539924938
310,6.087124539929831,6.087124539929831
311,6.087123832962388,6.087123832962388
312,6.087123832967214,6.087123832967214
313,6.0871231242942745,6.0871231242942745
314,6.087123124299037,6.087123124299037
315,6.087122414201394,6.087122414201394
316,6.087122414206092,6.087122414206092
317,6.087121702929232,6.087121702929232
318,6.087121702933869,6.087121702933869
319,6.087120990692285,6.087120990692285
320,6.08712099069686,6.08712099069686
321,6.087120277677786,6.087120277677786
322,6.087120277682302,6.087120277682302
323,6.087119564049053,6.087119564049053
324,6.087119564053511,6.087119564053511
325,6.087118849948395,6.087118849948395
326,6.087118849952795,6.087118849952795
327,6.087118135499662,6.087118135499662
328,6.087118135504006,6.087118135504006
329,6.087117420810527,6.087117420810527
330,6.087117420814816,6.087117420814816
331,6.087116705974448,6.087116705974448
332,6.0871167059786835,6.0871167059786835
333,6.087115991072423,6.087115991072423
334,6.0871159910766055,6.0871159910766055
335,6.087115276174513,6.087115276174513
336,6.087115276178644,6.087115276178644
337,6.087114561341211,6.087114561341211
338,6.087114561345289,6.087114561345289
339,6.087113846624601,6.087113846624601
340,6.0871138466286325,6.0871138466286325
341,6.0871131320694385,6.0871131320694385
342,6.087113132073419,6.087113132073419
343,6.087112417714005,6.087112417714005
344,6.087112417717938,6.087112417717938
345,6.087111703590981,6.087111703590981
346,6.087111703594868,6.087111703594868
347,6.087110989728113,6.087110989728113
348,6.0871109897319515,6.0871109897319515
349,6.087110276148835,6.087110276148835
350,6.087110276152631,6.087110276152631
351,6.0871095628728344,6.0871095628728344
352,6.087109562876585,6.087109562876585
353,6.0871088499165165,6.0871088499165165
354,6.087108849920224,6.087108849920224
355,6.087108137293418,6.087108137293418
356,6.087108137297083,6.087108137297083
357,6.087107425014594,6.087107425014594
358,6.087107425018217,6.087107425018217
359,6.087106713088939,6.087106713088939
360,6.087106713092522,6.087106713092522
361,6.087106001523459,6.087106001523459
362,6.087106001526998,6.087106001526998
363,6.08710529032352,6.08710529032352
364,6.087105290327023,6.087105290327023
365,6.087104579493104,6.087104579493104
366,6.087104579496566,6.087104579496566
367,6.087103869034932,6.087103869034932
368,6.087103869038355,6.087103869038355
369,6.087103158950695,6.087103158950695
370,6.087103158954082,6.087103158954082
371,6.08710244924118,6.08710244924118
372,6.087102449244531,6.087102449244531
373,6.08710173990638,6.08710173990638
374,6.087101739909694,6.087101739909694
375,6.087101030945632,6.087101030945632
376,6.0871010309489115,6.0871010309489115
377,6.087100322357704,6.087100322357704
378,6.087100322360947,6.087100322360947
379,6.087099614140881,6.087099614140881
380,6.087099614144089,6.087099614144089
381,6.087098906293032,6.087098906293032
382,6.087098906296209,6.087098906296209
383,6.0870981988117006,6.0870981988117006
384,6.087098198814844,6.087098198814844
385,6.087097491694141,6.087097491694141
386,6.087097491697252,6.087097491697252
387,6.087096784937364,6.087096784937364
388,6.087096784940441,6.087096784940441
389,6.087096078538199,6.087096078538199
390,6.087096078541244,6.087096078541244
391,6.087095372493312,6.087095372493312
392,6.087095372496328,6.087095372496328
393,6.087094666799263,6.087094666799263
394,6.087094666802248,6.087094666802248
395,6.087093961452497,6.087093961452497
396,6.087093961455452,6.087093961455452
397,6.087093256449412,6.087093256449412
398,6.087093256452337,6.087093256452337
399,6.0870925517863395,6.0870925517863395
400,6.087092551789235,6.087092551789235
401,6.087091847459593,6.087091847459593
402,6.087091847462461,6.087091847462461
403,6.087091143465468,6.087091143465468
404,6.087091143468308,6.087091143468308
405,6.087090439800257,6.087090439800257
406,6.0870904398030685,6.0870904398030685
407,6.087089736460266,6.087089736460266
408,6.08708973646305,6.08708973646305
409,6.08708903344182,6.08708903344182
410,6.087089033444579,6.087089033444579
411,6.087088330741269,6.087088330741269
412,6.087088330744002,6.087088330744002
413,6.087087628354999,6.087087628354999
414,6.087087628357703,6.087087628357703
415,6.087086926279434,6.087086926279434
416,6.087086926282114,6.087086926282114
417,6.087086224511051,6.087086224511051
418,6.087086224513705,6.087086224513705
419,6.087085523046369,6.087085523046369
420,6.087085523049001,6.087085523049001
421,6.087084821881969,6.087084821881969
422,6.0870848218845754,6.0870848218845754
423,6.087084121014471,6.087084121014471
424,6.087084121017052,6.087084121017052
425,6.0870834204405595,6.0870834204405595
426,6.0870834204431175,6.0870834204431175
427,6.087082720156981,6.087082720156981
428,6.087082720159515,6.087082720159515
429,6.087082020160537,6.087082020160537
430,6.087082020163047,6.087082020163047
431,6.08708132044808,6.08708132044808
432,6.087081320450569,6.087081320450569
433,6.087080621016547,6.087080621016547
434,6.087080621019014,6.087080621019014
435,6.08707992186291,6.08707992186291
436,6.087079921865355,6.087079921865355
437,6.08707922298421,6.08707922298421
438,6.087079222986633,6.087079222986633
439,6.087078524377549,6.087078524377549
440,6.087078524379951,6.087078524379951
441,6.087077826040091,6.087077826040091
442,6.087077826042471,6.087077826042471
443,6.087077127969044,6.087077127969044
444,6.087077127971405,6.087077127971405
445,6.087076430161698,6.087076430161698
446,6.087076430164038,6.087076430164038
447,6.087075732615385,6.087075732615385
448,6.087075732617705,6.087075732617705
449,6.087075035327484,6.087075035327484
450,6.087075035329782,6.087075035329782
451,6.087074338295449,6.087074338295449
452,6.08707433829773,6.08707433829773
453,6.087073641516778,6.087073641516778
454,6.087073641519037,6.087073641519037
455,6.087072944989018,6.087072944989018
456,6.087072944991259,6.087072944991259
457,6.087072248709781,6.087072248709781
458,6.087072248712005,6.087072248712005
459,6.087071552676725,6.087071552676725
460,6.087071552678929,6.087071552678929
461,6.087070856887553,6.087070856887553
462,6.087070856889737,6.087070856889737
463,6.0870701613400096,6.0870701613400096
464,6.0870701613421785,6.0870701613421785
465,6.087069466031914,6.087069466031914
466,6.087069466034064,6.087069466034064
467,6.0870687709611095,6.0870687709611095
468,6.087068770963241,6.087068770963241
469,6.087068076125488,6.087068076125488
470,6.087068076127602,6.087068076127602
471,6.087067381522994,6.087067381522994
472,6.087067381525093,6.087067381525093
473,6.087066687151616,6.087066687151616
474,6.087066687153697,6.087066687153697
475,6.087065993009367,6.087065993009367
476,6.087065993011431,6.087065993011431
477,6.0870652990943235,6.0870652990943235
478,6.0870652990963725,6.0870652990963725
479,6.0870646054045965,6.0870646054045965
480,6.087064605406629,6.087064605406629
481,6.087063911938329,6.087063911938329
482,6.087063911940344,6.087063911940344
483,6.0870632186937055,6.0870632186937055
484,6.0870632186957065,6.0870632186957065
485,6.0870625256689594,6.0870625256689594
486,6.087062525670944,6.087062525670944
487,6.0870618328623385,6.0870618328623385
488,6.087061832864308,6.087061832864308
489,6.087061140272148,6.087061140272148
490,6.087061140274102,6.087061140274102
491,6.087060447896718,6.087060447896718
492,6.087060447898657,6.087060447898657
493,6.0870597557344155,6.0870597557344155
494,6.087059755736339,6.087059755736339
495,6.087059063783636,6.087059063783636
496,6.087059063785545,6.087059063785545
497,6.087058372042808,6.087058372042808
498,6.087058372044703,6.087058372044703
499,6.087057680510405,6.087057680510405
500,6.087057680512286,6.087057680512286
501,6.08705698918491,6.08705698918491
502,6.087056989186776,6.087056989186776
503,6.087056298064854,6.087056298064854
504,6.087056298066707,6.087056298066707
505,6.087055607148786,6.087055607148786
506,6.0870556071506225,6.0870556071506225
507,6.087054916435284,6.087054916435284
508,6.08705491643711,6.08705491643711
509,6.087054225922969,6.087054225922969
510,6.0870542259247795,6.0870542259247795
511,6.087053535610465,6.087053535610465
512,6.087053535612264,6.087053535612264
513,6.087052845496443,6.087052845496443
514,6.087052845498229,6.087052845498229
515,6.087052155579592,6.087052155579592
516,6.087052155581364,6.087052155581364
517,6.087051465858623,6.087051465858623
518,6.087051465860382,6.087051465860382
519,6.087050776332279,6.087050776332279
520,6.087050776334027,6.087050776334027
521,6.087050086999324,6.087050086999324
522,6.087050087001056,6.087050087001056
523,6.087049397858536,6.087049397858536
524,6.087049397860258,6.087049397860258
525,6.087048708908734,6.087048708908734
526,6.087048708910444,6.087048708910444
527,6.08704802014875,6.08704802014875
528,6.087048020150447,6.087048020150447
529,6.087047331577434,6.087047331577434
530,6.087047331579119,6.087047331579119
531,6.08704664319366,6.08704664319366
532,6.087046643195333,6.087046643195333
533,6.087045954996327,6.087045954996327
534,6.08704595499799,6.08704595499799
535,6.087045266984356,6.087045266984356
536,6.0870452669860065,6.0870452669860065
537,6.087044579156676,6.087044579156676
538,6.087044579158316,6.087044579158316
539,6.08704389151225,6.08704389151225
540,6.087043891513878,6.087043891513878
541,6.087043204050049,6.087043204050049
542,6.087043204051666,6.087043204051666
543,6.087042516769064,6.087042516769064
544,6.087042516770671,6.087042516770671
545,6.0870418296683155,6.0870418296683155
546,6.08704182966991,6.08704182966991
547,6.087041142746822,6.087041142746822
548,6.087041142748406,6.087041142748406
549,6.087040456003638,6.087040456003638
550,6.087040456005211,6.087040456005211
551,6.087039769437825,6.087039769437825
552,6.087039769439388,6.087039769439388
553,6.087039083048464,6.087039083048464
554,6.0870390830500165,6.0870390830500165
555,6.087038396834649,6.087038396834649
556,6.087038396836192,6.087038396836192
557,6.087037710795498,6.087037710795498
558,6.087037710797028,6.087037710797028
559,6.0870370249301295,6.0870370249301295
560,6.087037024931652,6.087037024931652
561,6.087036339237697,6.087036339237697
562,6.087036339239209,6.087036339239209
563,6.087035653717349,6.087035653717349
564,6.087035653718851,6.087035653718851
565,6.08703496836826,6.08703496836826
566,6.087034968369754,6.087034968369754
567,6.087034283189622,6.087034283189622
568,6.087034283191105,6.087034283191105
569,6.08703359818063,6.08703359818063
570,6.087033598182104,6.087033598182104
571,6.0870329133404955,6.0870329133404955
572,6.087032913341958,6.087032913341958
573,6.087032228668448,6.087032228668448
574,6.0870322286699015,6.0870322286699015
575,6.087031544163729,6.087031544163729
576,6.087031544165174,6.087031544165174
577,6.08703085982559,6.08703085982559
578,6.087030859827025,6.087030859827025
579,6.087030175653292,6.087030175653292
580,6.0870301756547205,6.0870301756547205
581,6.087029491646121,6.087029491646121
582,6.08702949164754,6.08702949164754
583,6.0870288078033585,6.0870288078033585
584,6.087028807804767,6.087028807804767
585,6.087028124124307,6.087028124124307
586,6.087028124125707,6.087028124125707
587,6.087027440608277,6.087027440608277
588,6.087027440609667,6.087027440609667
589,6.0870267572545895,6.0870267572545895
590,6.087026757255974,6.087026757255974
591,6.087026074062592,6.087026074062592
592,6.0870260740639655,6.0870260740639655
593,6.087025391031613,6.087025391031613
594,6.087025391032979,6.087025391032979
595,6.087024708161018,6.087024708161018
596,6.087024708162375,6.087024708162375
597,6.087024025450171,6.087024025450171
598,6.0870240254515195,6.0870240254515195
599,6.087023342898442,6.087023342898442
600,6.087023342899784,6.087023342899784
601,6.0870226605052205,6.0870226605052205
602,6.087022660506554,6.087022660506554
603,6.0870219782699015,6.0870219782699015
604,6.087021978271228,6.087021978271228
605,6.0870212961918915,6.0870212961918915
606,6.087021296193209,6.087021296193209
607,6.0870206142706005,6.0870206142706005
608,6.087020614271909,6.087020614271909
609,6.087019932505455,6.087019932505455
610,6.087019932506757,6.087019932506757
611,6.087019250895891,6.087019250895891
612,6.0870192508971845,6.0870192508971845
613,6.087018569441343,6.087018569441343
614,6.087018569442627,6.087018569442627
615,6.087017888141254,6.087017888141254
616,6.087017888142533,6.087017888142533
617,6.087017206995093,6.087017206995093
618,6.087017206996363,6.087017206996363
619,6.087016526002319,6.087016526002319
620,6.087016526003584,6.087016526003584
621,6.087015845162411,6.087015845162411
622,6.087015845163666,6.087015845163666
623,6.087015164474845,6.087015164474845
624,6.087015164476094,6.087015164476094
625,6.087014483939116,6.087014483939116
626,6.087014483940357,6.087014483940357
627,6.087013803554714,6.087013803554714
628,6.0870138035559505,6.0870138035559505
629,6.087013123321157,6.087013123321157
630,6.087013123322383,6.087013123322383
631,6.08701244323794,6.08701244323794
632,6.08701244323916,6.08701244323916
633,6.087011763304593,6.087011763304593
634,6.087011763305807,6.087011763305807
635,6.087011083520643,6.087011083520643
636,6.087011083521849,6.087011083521849
637,6.087010403885613,6.087010403885613
638,6.087010403886813,6.087010403886813
639,6.087009724399055,6.087009724399055
640,6.087009724400247,6.087009724400247
641,6.0870090450605066,6.0870090450605066
642,6.087009045061693,6.087009045061693
643,6.087008365869522,6.087008365869522
644,6.087008365870703,6.087008365870703
645,6.0870076868256655,6.0870076868256655
646,6.087007686826839,6.087007686826839
647,6.087007007928499,6.087007007928499
648,6.087007007929665,6.087007007929665
649,6.0870063291775915,6.0870063291775915
650,6.087006329178751,6.087006329178751
651,6.087005650572525,6.087005650572525
652,6.087005650573678,6.087005650573678
653,6.087004972112881,6.087004972112881
654,6.087004972114029,6.087004972114029
655,6.087004293798257,6.087004293798257
656,6.087004293799398,6.087004293799398
657,6.087003615628238,6.087003615628238
658,6.087003615629373,6.087003615629373
659,6.0870029376024295,6.0870029376024295
660,6.087002937603558,6.087002937603558
661,6.087002259720435,6.087002259720435
662,6.087002259721558,6.087002259721558
663,6.0870015819818715,6.0870015819818715
664,6.087001581982987,6.087001581982987
665,6.087000904386349,6.087000904386349
666,6.087000904387461,6.087000904387461
667,6.087000226933498,6.087000226933498
668,6.087000226934603,6.087000226934603
669,6.086999549622943,6.086999549622943
670,6.086999549624041,6.086999549624041
671,6.086998872454312,6.086998872454312
672,6.086998872455405,6.086998872455405
673,6.086998195427251,6.086998195427251
674,6.086998195428338,6.086998195428338
675,6.086997518541397,6.086997518541397
676,6.0869975185424785,6.0869975185424785
677,6.086996841796398,6.086996841796398
678,6.086996841797473,6.086996841797473
679,6.086996165191903,6.086996165191903
680,6.086996165192973,6.086996165192973
681,6.086995488727574,6.086995488727574
682,6.086995488728638,6.086995488728638
683,6.086994812403068,6.086994812403068
684,6.086994812404127,6.086994812404127
685,6.086994136218053,6.086994136218053
686,6.086994136219106,6.086994136219106
687,6.086993460172196,6.086993460172196
688,6.086993460173244,6.086993460173244
689,6.086992784265176,6.086992784265176
690,6.086992784266218,6.086992784266218
691,6.086992108496669,6.086992108496669
692,6.0869921084977054,6.0869921084977054
693,6.0869914328663555,6.0869914328663555
694,6.0869914328673875,6.0869914328673875
695,6.0869907573739255,6.0869907573739255
696,6.08699075737495,6.08699075737495
697,6.086990082019062,6.086990082019062
698,6.086990082020083,6.086990082020083
699,6.086989406801472,6.086989406801472
700,6.086989406802487,6.086989406802487
701,6.086988731720844,6.086988731720844
702,6.0869887317218545,6.0869887317218545
703,6.086988056776887,6.086988056776887
704,6.0869880567778925,6.0869880567778925
705,6.086987381969303,6.086987381969303
706,6.086987381970303,6.086987381970303
707,6.0869867072977994,6.0869867072977994
708,6.086986707298794,6.086986707298794
709,6.086986032762091,6.086986032762091
710,6.086986032763083,6.086986032763083
711,6.086985358361907,6.086985358361907
712,6.086985358362892,6.086985358362892
713,6.086984684096949,6.086984684096949
714,6.0869846840979305,6.0869846840979305
715,6.086984009966951,6.086984009966951
716,6.086984009967926,6.086984009967926
717,6.086983335971637,6.086983335971637
718,6.086983335972609,6.086983335972609
719,6.086982662110739,6.086982662110739
720,6.086982662111705,6.086982662111705
721,6.0869819883839895,6.0869819883839895
722,6.086981988384952,6.086981988384952
723,6.086981314791131,6.086981314791131
724,6.086981314792088,6.086981314792088
725,6.086980641331897,6.086980641331897
726,6.08698064133285,6.08698064133285
727,6.086979968006037,6.086979968006037
728,6.086979968006984,6.086979968006984
729,6.086979294813293,6.086979294813293
730,6.0869792948142365,6.0869792948142365
731,6.086978621753416,6.086978621753416
732,6.086978621754355,6.086978621754355
733,6.086977948826156,6.086977948826156
734,6.08697794882709,6.08697794882709
735,6.086977276031273,6.086977276031273
736,6.086977276032203,6.086977276032203
737,6.086976603368521,6.086976603368521
738,6.086976603369446,6.086976603369446
739,6.086975930837664,6.086975930837664
740,6.086975930838583,6.086975930838583
741,6.086975258438462,6.086975258438462
742,6.086975258439379,6.086975258439379
743,6.08697458617069,6.08697458617069
744,6.086974586171602,6.086974586171602
745,6.086973914034109,6.086973914034109
746,6.086973914035018,6.086973914035018
747,6.086973242028499,6.086973242028499
748,6.086973242029402,6.086973242029402
749,6.086972570153628,6.086972570153628
750,6.0869725701545265,6.0869725701545265
751,6.086971898409272,6.086971898409272
752,6.086971898410167,6.086971898410167
753,6.086971226795216,6.086971226795216
754,6.086971226796106,6.086971226796106
755,6.0869705553112405,6.0869705553112405
756,6.086970555312126,6.086970555312126
757,6.086969883957129,6.086969883957129
758,6.086969883958013,6.086969883958013
759,6.086969212732671,6.086969212732671
760,6.086969212733549,6.086969212733549
761,6.086968541637653,6.086968541637653
762,6.0869685416385275,6.0869685416385275
763,6.086967870671873,6.086967870671873
764,6.086967870672743,6.086967870672743
765,6.086967199835118,6.086967199835118
766,6.086967199835984,6.086967199835984
767,6.086966529127187,6.086966529127187
768,6.086966529128049,6.086966529128049
769,6.08696585854788,6.08696585854788
770,6.086965858548738,6.086965858548738
771,6.086965188096996,6.086965188096996
772,6.086965188097851,6.086965188097851
773,6.0869645177743426,6.0869645177743426
774,6.086964517775193,6.086964517775193
775,6.0869638475797245,6.0869638475797245
776,6.086963847580572,6.086963847580572
777,6.086963177512945,6.086963177512945
778,6.086963177513788,6.086963177513788
779,6.086962507573812,6.086962507573812
780,6.0869625075746505,6.0869625075746505
781,6.086961837762141,6.086961837762141
782,6.086961837762977,6.086961837762977
783,6.086961168077744,6.086961168077744
784,6.0869611680785765,6.0869611680785765
785,6.086960498520441,6.086960498520441
786,6.086960498521268,6.086960498521268
787,6.086959829090043,6.086959829090043
788,6.086959829090868,6.086959829090868
789,6.086959159786372,6.086959159786372
790,6.086959159787193,6.086959159787193
791,6.086958490609253,6.086958490609253
792,6.08695849061007,6.08695849061007
793,6.086957821558503,6.086957821558503
794,6.0869578215593165,6.0869578215593165
795,6.0869571526339525,6.0869571526339525
796,6.0869571526347634,6.0869571526347634
797,6.086956483835431,6.086956483835431
798,6.086956483836237,6.086956483836237
799,6.086955815162755,6.086955815162755
800,6.086955815163559,6.086955815163559
801,6.086955146615763,6.086955146615763
802,6.086955146616562,6.086955146616562
803,6.08695447819429,6.08695447819429
804,6.0869544781950875,6.0869544781950875
805,6.086953809898169,6.086953809898169
806,6.086953809898962,6.086953809898962
807,6.086953141727229,6.086953141727229
808,6.086953141728018,6.086953141728018
809,6.086952473681313,6.086952473681313
810,6.086952473682098,6.086952473682098
811,6.086951805760261,6.086951805760261
812,6.086951805761043,6.086951805761043
813,6.086951137963904,6.086951137963904
814,6.086951137964685,6.086951137964685
815,6.086950470292101,6.086950470292101
816,6.086950470292877,6.086950470292877
817,6.086949802744682,6.086949802744682
818,6.086949802745454,6.086949802745454
819,6.0869491353214915,6.0869491353214915
820,6.086949135322262,6.086949135322262
821,6.086948468022387,6.086948468022387
822,6.086948468023153,6.086948468023153
823,6.086947800847213,6.086947800847213
824,6.086947800847976,6.086947800847976
825,6.086947133795813,6.086947133795813
826,6.086947133796573,6.086947133796573
827,6.086946466868046,6.086946466868046
828,6.086946466868802,6.086946466868802
829,6.086945800063761,6.086945800063761
830,6.086945800064514,6.086945800064514
831,6.086945133382815,6.086945133382815
832,6.086945133383565,6.086945133383565
833,6.086944466825059,6.086944466825059
834,6.086944466825805,6.086944466825805
835,6.086943800390353,6.086943800390353
836,6.086943800391097,6.086943800391097
837,6.086943134078558,6.086943134078558
838,6.086943134079298,6.086943134079298
839,6.086942467889528,6.086942467889528
840,6.086942467890267,6.086942467890267
841,6.086941801823132,6.086941801823132
842,6.086941801823867,6.086941801823867
843,6.0869411358792265,6.0869411358792265
844,6.086941135879957,6.086941135879957
845,6.086940470057672,6.086940470057672
846,6.0869404700584,6.0869404700584
847,6.086939804358337,6.086939804358337
848,6.086939804359065,6.086939804359065
849,6.086939138781097,6.086939138781097
850,6.08693913878182,6.08693913878182
851,6.0869384733258025,6.0869384733258025
852,6.086938473326523,6.086938473326523
853,6.086937807992338,6.086937807992338
854,6.0869378079930545,6.0869378079930545
855,6.086937142780558,6.086937142780558
856,6.086937142781273,6.086937142781273
857,6.086936477690352,6.086936477690352
858,6.086936477691063,6.086936477691063
859,6.086935812721578,6.086935812721578
860,6.0869358127222855,6.0869358127222855
861,6.0869351478741125,6.0869351478741125
862,6.086935147874818,6.086935147874818
863,6.0869344831478305,6.0869344831478305
864,6.086934483148534,6.086934483148534
865,6.08693381854261,6.08693381854261
866,6.086933818543311,6.086933818543311
867,6.086933154058329,6.086933154058329
868,6.086933154059026,6.086933154059026
869,6.086932489694861,6.086932489694861
870,6.086932489695554,6.086932489695554
871,6.086931825452089,6.086931825452089
872,6.086931825452781,6.086931825452781
873,6.086931161329895,6.086931161329895
874,6.086931161330584,6.086931161330584
875,6.086930497328152,6.086930497328152
876,6.086930497328839,6.086930497328839
877,6.086929833446751,6.086929833446751
878,6.086929833447434,6.086929833447434
879,6.086929169685566,6.086929169685566
880,6.086929169686247,6.086929169686247
881,6.086928506044492,6.086928506044492
882,6.086928506045171,6.086928506045171
883,6.086927842523411,6.086927842523411
884,6.086927842524087,6.086927842524087
885,6.086927179122205,6.086927179122205
886,6.086927179122878,6.086927179122878
887,6.086926515840768,6.086926515840768
888,6.08692651584144,6.08692651584144
889,6.08692585267898,6.08692585267898
890,6.086925852679649,6.086925852679649
891,6.086925189636738,6.086925189636738
892,6.086925189637403,6.086925189637403
893,6.086924526713927,6.086924526713927
894,6.086924526714591,6.086924526714591
895,6.086923863910442,6.086923863910442
896,6.086923863911102,6.086923863911102
897,6.08692320122617,6.08692320122617
898,6.086923201226828,6.086923201226828
899,6.086922538661013,6.086922538661013
900,6.0869225386616685,6.0869225386616685
901,6.086921876214856,6.086921876214856
902,6.086921876215509,6.086921876215509
903,6.086921213887601,6.086921213887601
904,6.0869212138882505,6.0869212138882505
905,6.086920551679135,6.086920551679135
906,6.086920551679783,6.086920551679783
907,6.086919889589362,6.086919889589362
908,6.086919889590009,6.086919889590009
909,6.08691922761818,6.08691922761818
910,6.086919227618822,6.086919227618822
911,6.08691856576548,6.08691856576548
912,6.086918565766121,6.086918565766121
913,6.086917904031171,6.086917904031171
914,6.086917904031809,6.086917904031809
915,6.086917242415145,6.086917242415145
916,6.08691724241578,6.08691724241578
917,6.0869165809173,6.0869165809173
918,6.086916580917934,6.086916580917934
919,6.0869159195375495,6.0869159195375495
920,6.08691591953818,6.08691591953818
921,6.086915258275784,6.086915258275784
922,6.086915258276413,6.086915258276413
923,6.086914597131913,6.086914597131913
924,6.08691459713254,6.08691459713254
925,6.086913936105839,6.086913936105839
926,6.086913936106464,6.086913936106464
927,6.08691327519747,6.08691327519747
928,6.086913275198092,6.086913275198092
929,6.086912614406704,6.086912614406704
930,6.086912614407323,6.086912614407323
931,6.086911953733454,6.086911953733454
932,6.08691195373407,6.08691195373407
933,6.086911293177625,6.086911293177625
934,6.0869112931782405,6.0869112931782405
935,6.086910632739122,6.086910632739122
936,6.086910632739734,6.086910632739734
937,6.086909972417856,6.086909972417856
938,6.086909972418467,6.086909972418467
939,6.086909312213736,6.086909312213736
940,6.086909312214344,6.086909312214344
941,6.086908652126669,6.086908652126669
942,6.086908652127277,6.086908652127277
943,6.086907992156573,6.086907992156573
944,6.086907992157177,6.086907992157177
945,6.086907332303353,6.086907332303353
946,6.086907332303953,6.086907332303953
947,6.086906672566914,6.086906672566914
948,6.0869066725675145,6.0869066725675145
949,6.086906012947184,6.086906012947184
950,6.086906012947781,6.086906012947781
951,6.086905353444067,6.086905353444067
952,6.086905353444663,6.086905353444663
953,6.086904694057477,6.086904694057477
954,6.086904694058071,6.086904694058071
955,6.086904034787333,6.086904034787333
956,6.086904034787922,6.086904034787922
957,6.086903375633542,6.086903375633542
958,6.08690337563413,6.08690337563413
959,6.0869027165960246,6.0869027165960246
960,6.0869027165966125,6.0869027165966125
961,6.086902057674702,6.086902057674702
962,6.086902057675287,6.086902057675287
963,6.086901398869485,6.086901398869485
964,6.086901398870067,6.086901398870067
965,6.086900740180291,6.086900740180291
966,6.086900740180873,6.086900740180873
967,6.086900081607045,6.086900081607045
968,6.086900081607623,6.086900081607623
969,6.086899423149654,6.086899423149654
970,6.086899423150229,6.086899423150229
971,6.086898764808046,6.086898764808046
972,6.0868987648086215,6.0868987648086215
973,6.086898106582141,6.086898106582141
974,6.086898106582714,6.086898106582714
975,6.086897448471858,6.086897448471858
976,6.0868974484724285,6.0868974484724285
977,6.086896790477118,6.086896790477118
978,6.086896790477687,6.086896790477687
979,6.0868961325978415,6.0868961325978415
980,6.086896132598408,6.086896132598408
981,6.08689547483395,6.08689547483395
982,6.086895474834517,6.086895474834517
983,6.086894817185375,6.086894817185375
984,6.086894817185938,6.086894817185938
985,6.086894159652029,6.086894159652029
986,6.08689415965259,6.08689415965259
987,6.08689350223384,6.08689350223384
988,6.0868935022344,6.0868935022344
989,6.086892844930738,6.086892844930738
990,6.0868928449312945,6.0868928449312945
991,6.086892187742638,6.086892187742638
992,6.086892187743192,6.086892187743192
993,6.086891530669469,6.086891530669469
994,6.086891530670022,6.086891530670022
995,6.086890873711158,6.086890873711158
996,6.08689087371171,6.08689087371171
997,6.086890216867631,6.086890216867631
998,6.08689021686818,6.08689021686818
999,6.086889560138817,6.086889560138817
1000,6.086889560139364,6.086889560139364
1001,6.08688890352464,6.08688890352464
1002,6.086888903525187,6.086888903525187
1003,6.086888247025034,6.086888247025034
1004,6.086888247025579,6.086888247025579
1005,6.086887590639922,6.086887590639922
1006,6.0868875906404645,6.0868875906404645
1007,6.086886934369235,6.086886934369235
1008,6.086886934369775,6.086886934369775
1009,6.086886278212898,6.086886278212898
1010,6.086886278213437,6.086886278213437
1011,6.086885622170848,6.086885622170848
1012,6.086885622171384,6.086885622171384
1013,6.086884966243011,6.086884966243011
1014,6.086884966243546,6.086884966243546
1015,6.086884310429319,6.086884310429319
1016,6.086884310429852,6.086884310429852
1017,6.086883654729704,6.086883654729704
1018,6.086883654730236,6.086883654730236
1019,6.086882999144098,6.086882999144098
1020,6.086882999144628,6.086882999144628
1021,6.08688234367243,6.08688234367243
1022,6.086882343672959,6.086882343672959
1023,6.0868816883146355,6.0868816883146355
1024,6.08688168831516,6.08688168831516
1025,6.0868810330706475,6.0868810330706475
1026,6.0868810330711725,6.0868810330711725
1027,6.0868803779404,6.0868803779404
1028,6.086880377940923,6.086880377940923
1029,6.086879722923826,6.086879722923826
1030,6.086879722924348,6.086879722924348
1031,6.086879068020856,6.086879068020856
1032,6.086879068021376,6.086879068021376
1033,6.086878413231431,6.086878413231431
1034,6.086878413231949,6.086878413231949
1035,6.086877758555484,6.086877758555484
1036,6.0868777585560006,6.0868777585560006
1037,6.086877103992949,6.086877103992949
1038,6.086877103993464,6.086877103993464
1039,6.086876449543769,6.086876449543769
1040,6.08687644954428,6.08687644954428
1041,6.086875795207869,6.086875795207869
1042,6.086875795208382,6.086875795208382
1043,6.086875140985193,6.086875140985193
1044,6.086875140985702,6.086875140985702
1045,6.086874486875673,6.086874486875673
1046,6.086874486876181,6.086874486876181
1047,6.086873832879257,6.086873832879257
1048,6.086873832879761,6.086873832879761
1049,6.08687317899587,6.08687317899587
1050,6.086873178996376,6.086873178996376
1051,6.08687252522546,6.08687252522546
1052,6.086872525225965,6.086872525225965
1053,6.086871871567967,6.086871871567967
1054,6.086871871568467,6.086871871568467
1055,6.086871218023318,6.086871218023318
1056,6.08687121802382,6.08687121802382
1057,6.086870564591466,6.086870564591466
1058,6.086870564591964,6.086870564591964
1059,6.0868699112723395,6.0868699112723395
1060,6.086869911272836,6.086869911272836
1061,6.086869258065883,6.086869258065883
1062,6.086869258066378,6.086869258066378
1063,6.0868686049720395,6.0868686049720395
1064,6.086868604972533,6.086868604972533
1065,6.086867951990749,6.086867951990749
1066,6.08686795199124,6.08686795199124
1067,6.086867299121949,6.086867299121949
1068,6.08686729912244,6.08686729912244
1069,6.086866646365588,6.086866646365588
1070,6.086866646366077,6.086866646366077
1071,6.086865993721603,6.086865993721603
1072,6.086865993722092,6.086865993722092
1073,6.086865341263612,6.086865341263612
1074,6.0868653412640965,6.0868653412640965
1075,6.0868646891238,6.0868646891238
1076,6.086864689124286,6.086864689124286
1077,6.08686403724691,6.08686403724691
1078,6.0868640372473966,6.0868640372473966
1079,6.086863385594793,6.086863385594793
1080,6.086863385595277,6.086863385595277
1081,6.086862734140243,6.086862734140243
1082,6.086862734140726,6.086862734140726
1083,6.086862082863438,6.086862082863438
1084,6.08686208286392,6.08686208286392
1085,6.086861431749627,6.086861431749627
1086,6.086861431750109,6.086861431750109
1087,6.086860780787613,6.086860780787613
1088,6.0868607807880935,6.0868607807880935
1089,6.086860129968754,6.086860129968754
1090,6.086860129969235,6.086860129969235
1091,6.086859479286286,6.086859479286286
1092,6.086859479286765,6.086859479286765
1093,6.086858828734833,6.086858828734833
1094,6.086858828735313,6.086858828735313
1095,6.086858178310089,6.086858178310089
1096,6.086858178310568,6.086858178310568
1097,6.086857528008574,6.086857528008574
1098,6.086857528009053,6.086857528009053
1099,6.086856877827437,6.086856877827437
1100,6.086856877827914,6.086856877827914
1101,6.086856227764346,6.086856227764346
1102,6.086856227764823,6.086856227764823
1103,6.086855577817376,6.086855577817376
1104,6.086855577817853,6.086855577817853
1105,6.086854927984937,6.086854927984937
1106,6.086854927985412,6.086854927985412
1107,6.086854278265698,6.086854278265698
1108,6.0868542782661725,6.0868542782661725
1109,6.086853628658558,6.086853628658558
1110,6.086853628659034,6.086853628659034
1111,6.086852979162589,6.086852979162589
1112,6.086852979163062,6.086852979163062
1113,6.0868523297770025,6.0868523297770025
1114,6.086852329777476,6.086852329777476
1115,6.086851680501153,6.086851680501153
1116,6.086851680501626,6.086851680501626
1117,6.0868510313344775,6.0868510313344775
1118,6.086851031334949,6.086851031334949
1119,6.086850382276513,6.086850382276513
1120,6.0868503822769835,6.0868503822769835
1121,6.086849733326851,6.086849733326851
1122,6.0868497333273215,6.0868497333273215
1123,6.086849084485163,6.086849084485163
1124,6.086849084485632,6.086849084485632
1125,6.086848435751145,6.086848435751145
1126,6.086848435751614,6.086848435751614
1127,6.0868477871245545,6.0868477871245545
1128,6.086847787125022,6.086847787125022
1129,6.086847138605167,6.086847138605167
1130,6.086847138605634,6.086847138605634
1131,6.086846490192803,6.086846490192803
1132,6.0868464901932695,6.0868464901932695
1133,6.086845841887294,6.086845841887294
1134,6.086845841887762,6.086845841887762
1135,6.086845193688508,6.086845193688508
1136,6.086845193688974,6.086845193688974
1137,6.086844545596311,6.086844545596311
1138,6.086844545596776,6.086844545596776
1139,6.086843897610598,6.086843897610598
1140,6.086843897611061,6.086843897611061
1141,6.086843249731267,6.086843249731267
1142,6.086843249731731,6.086843249731731
1143,6.086842601958241,6.086842601958241
1144,6.086842601958705,6.086842601958705
1145,6.0868419542914385,6.0868419542914385
1146,6.0868419542919,6.0868419542919
1147,6.08684130673079,6.08684130673079
1148,6.086841306731253,6.086841306731253
1149,6.086840659276238,6.086840659276238
1150,6.086840659276698,6.086840659276698
1151,6.086840011927714,6.086840011927714
1152,6.0868400119281745,6.0868400119281745
1153,6.086839364685182,6.086839364685182
1154,6.08683936468564,6.08683936468564
1155,6.086838717548581,6.086838717548581
1156,6.086838717549042,6.086838717549042
1157,6.08683807051788,6.08683807051788
1158,6.086838070518337,6.086838070518337
1159,6.0868374235930265,6.0868374235930265
1160,6.086837423593484,6.086837423593484
1161,6.086836776773987,6.086836776773987
1162,6.086836776774444,6.086836776774444
1163,6.086836130060731,6.086836130060731
1164,6.086836130061187,6.086836130061187
1165,6.086835483453217,6.086835483453217
1166,6.086835483453672,6.086835483453672
1167,6.086834836951419,6.086834836951419
1168,6.086834836951872,6.086834836951872
1169,6.086834190555301,6.086834190555301
1170,6.086834190555757,6.086834190555757
1171,6.086833544264843,6.086833544264843
1172,6.086833544265296,6.086833544265296
1173,6.0868328980800115,6.0868328980800115
1174,6.086832898080466,6.086832898080466
1175,6.0868322520007805,6.0868322520007805
1176,6.086832252001232,6.086832252001232
1177,6.08683160602712,6.08683160602712
1178,6.086831606027573,6.086831606027573
1179,6.0868309601590145,6.0868309601590145
1180,6.086830960159466,6.086830960159466
1181,6.086830314396434,6.086830314396434
1182,6.086830314396884,6.086830314396884
1183,6.086829668739351,6.086829668739351
1184,6.0868296687398,6.0868296687398
1185,6.086829023187749,6.086829023187749
1186,6.086829023188199,6.086829023188199
1187,6.086828377741606,6.086828377741606
1188,6.086828377742055,6.086828377742055
1189,6.086827732400895,6.086827732400895
1190,6.086827732401342,6.086827732401342
1191,6.086827087165592,6.086827087165592
1192,6.086827087166038,6.086827087166038
1193,6.08682644203568,6.08682644203568
1194,6.086826442036127,6.086826442036127
1195,6.086825797011137,6.086825797011137
1196,6.086825797011583,6.086825797011583
1197,6.086825152091944,6.086825152091944
1198,6.086825152092388,6.086825152092388
1199,6.086824507278073,6.086824507278073
1200,6.086824507278519,6.086824507278519
1201,6.086823862569512,6.086823862569512
1202,6.086823862569957,6.086823862569957
1203,6.086823217966238,6.086823217966238
1204,6.086823217966682,6.086823217966682
1205,6.086822573468227,6.086822573468227
1206,6.086822573468669,6.086822573468669
1207,6.086821929075455,6.086821929075455
1208,6.086821929075899,6.086821929075899
1209,6.086821284787918,6.086821284787918
1210,6.086821284788359,6.086821284788359
1211,6.08682064060558,6.08682064060558
1212,6.08682064060602,6.08682064060602
1213,6.086819996528424,6.086819996528424
1214,6.086819996528864,6.086819996528864
1215,6.086819352556436,6.086819352556436
1216,6.0868193525568755,6.0868193525568755
1217,6.086818708689594,6.086818708689594
1218,6.086818708690032,6.086818708690032
1219,6.086818064927876,6.086818064927876
1220,6.086818064928314,6.086818064928314
1221,6.086817421271262,6.086817421271262
1222,6.086817421271699,6.086817421271699
1223,6.086816777719737,6.086816777719737
1224,6.086816777720175,6.086816777720175
1225,6.0868161342732785,6.0868161342732785
1226,6.086816134273715,6.086816134273715
1227,6.086815490931866,6.086815490931866
1228,6.086815490932302,6.086815490932302
1229,6.08681484769548,6.08681484769548
1230,6.0868148476959165,6.0868148476959165
1231,6.0868142045641065,6.0868142045641065
1232,6.08681420456454,6.08681420456454
1233,6.086813561537717,6.086813561537717
1234,6.086813561538151,6.086813561538151
1235,6.0868129186163005,6.0868129186163005
1236,6.086812918616735,6.086812918616735
1237,6.086812275799839,6.086812275799839
1238,6.0868122758002725,6.0868122758002725
1239,6.0868116330883035,6.0868116330883035
1240,6.086811633088734,6.086811633088734
1241,6.086810990481677,6.086810990481677
1242,6.086810990482109,6.086810990482109
1243,6.086810347979952,6.086810347979952
1244,6.086810347980384,6.086810347980384
1245,6.0868097055831,6.0868097055831
1246,6.086809705583529,6.086809705583529
1247,6.086809063291094,6.086809063291094
1248,6.086809063291524,6.086809063291524
1249,6.086808421103932,6.086808421103932
1250,6.086808421104362,6.086808421104362
1251,6.0868077790215835,6.0868077790215835
1252,6.0868077790220125,6.0868077790220125
1253,6.086807137044036,6.086807137044036
1254,6.086807137044463,6.086807137044463
1255,6.08680649517126,6.08680649517126
1256,6.086806495171687,6.086806495171687
1257,6.086805853403249,6.086805853403249
1258,6.086805853403676,6.086805853403676
1259,6.0868052117399785,6.0868052117399785
1260,6.086805211740405,6.086805211740405
1261,6.086804570181429,6.086804570181429
1262,6.0868045701818545,6.0868045701818545
1263,6.08680392872758,6.08680392872758
1264,6.0868039287280045,6.0868039287280045
1265,6.086803287378418,6.086803287378418
1266,6.086803287378842,6.086803287378842
1267,6.086802646133915,6.086802646133915
1268,6.086802646134338,6.086802646134338
1269,6.086802004994058,6.086802004994058
1270,6.086802004994481,6.086802004994481
1271,6.0868013639588305,6.0868013639588305
1272,6.086801363959254,6.086801363959254
1273,6.0868007230282135,6.0868007230282135
1274,6.0868007230286345,6.0868007230286345
1275,6.086800082202177,6.086800082202177
1276,6.086800082202599,6.086800082202599
1277,6.086799441480716,6.086799441480716
1278,6.086799441481138,6.086799441481138
1279,6.086798800863808,6.086798800863808
1280,6.086798800864227,6.086798800864227
1281,6.086798160351432,6.086798160351432
1282,6.08679816035185,6.08679816035185
1283,6.0867975199435636,6.0867975199435636
1284,6.086797519943983,6.086797519943983
1285,6.086796879640193,6.086796879640193
1286,6.0867968796406124,6.0867968796406124
1287,6.0867962394413,6.0867962394413
1288,6.0867962394417185,6.0867962394417185
1289,6.086795599346862,6.086795599346862
1290,6.08679559934728,6.08679559934728
1291,6.086794959356861,6.086794959356861
1292,6.086794959357277,6.086794959357277
1293,6.08679431947128,6.08679431947128
1294,6.0867943194716965,6.0867943194716965
1295,6.0867936796901,6.0867936796901
1296,6.086793679690515,6.086793679690515
1297,6.086793040013301,6.086793040013301
1298,6.086793040013717,6.086793040013717
1299,6.086792400440868,6.086792400440868
1300,6.086792400441282,6.086792400441282
1301,6.086791760972775,6.086791760972775
1302,6.08679176097319,6.08679176097319
1303,6.086791121609009,6.086791121609009
1304,6.086791121609423,6.086791121609423
1305,6.086790482349549,6.086790482349549
1306,6.086790482349962,6.086790482349962
1307,6.086789843194378,6.086789843194378
1308,6.086789843194789,6.086789843194789
1309,6.086789204143476,6.086789204143476
1310,6.086789204143888,6.086789204143888
1311,6.086788565196826,6.086788565196826
1312,6.086788565197236,6.086788565197236
1313,6.086787926354407,6.086787926354407
1314,6.086787926354816,6.086787926354816
1315,6.086787287616195,6.086787287616195
1316,6.086787287616604,6.086787287616604
1317,6.08678664898218,6.08678664898218
1318,6.08678664898259,6.08678664898259
1319,6.086786010452343,6.086786010452343
1320,6.086786010452752,6.086786010452752
1321,6.0867853720266645,6.0867853720266645
1322,6.086785372027072,6.086785372027072
1323,6.086784733705125,6.086784733705125
1324,6.086784733705533,6.086784733705533
1325,6.086784095487705,6.086784095487705
1326,6.0867840954881105,6.0867840954881105
1327,6.086783457374385,6.086783457374385
1328,6.086783457374791,6.086783457374791
1329,6.086782819365146,6.086782819365146
1330,6.086782819365551,6.086782819365551
1331,6.086782181459971,6.086782181459971
1332,6.086782181460375,6.086782181460375
1333,6.0867815436588435,6.0867815436588435
1334,6.086781543659249,6.086781543659249
1335,6.086780905961744,6.086780905961744
1336,6.086780905962147,6.086780905962147
1337,6.086780268368653,6.086780268368653
1338,6.086780268369056,6.086780268369056
1339,6.086779630879548,6.086779630879548
1340,6.086779630879951,6.086779630879951
1341,6.086778993494416,6.086778993494416
1342,6.086778993494819,6.086778993494819
1343,6.086778356213235,6.086778356213235
1344,6.086778356213637,6.086778356213637
1345,6.08677771903599,6.08677771903599
1346,6.08677771903639,6.08677771903639
1347,6.0867770819626585,6.0867770819626585
1348,6.086777081963059,6.086777081963059
1349,6.086776444993225,6.086776444993225
1350,6.0867764449936255,6.0867764449936255
1351,6.086775808127674,6.086775808127674
1352,6.086775808128074,6.086775808128074
1353,6.08677517136598,6.08677517136598
1354,6.08677517136638,6.08677517136638
1355,6.086774534708129,6.086774534708129
1356,6.0867745347085265,6.0867745347085265
1357,6.086773898154095,6.086773898154095
1358,6.086773898154493,6.086773898154493
1359,6.086773261703874,6.086773261703874
1360,6.086773261704271,6.086773261704271
1361,6.086772625357436,6.086772625357436
1362,6.086772625357832,6.086772625357832
1363,6.086771989114765,6.086771989114765
1364,6.08677198911516,6.08677198911516
1365,6.086771352975839,6.086771352975839
1366,6.086771352976236,6.086771352976236
1367,6.086770716940652,6.086770716940652
1368,6.0867707169410465,6.0867707169410465
1369,6.086770081009171,6.086770081009171
1370,6.086770081009567,6.086770081009567
1371,6.08676944518139,6.08676944518139
1372,6.086769445181784,6.086769445181784
1373,6.08676880945728,6.08676880945728
1374,6.086768809457673,6.086768809457673
1375,6.086768173836829,6.086768173836829
1376,6.086768173837223,6.086768173837223
1377,6.086767538320017,6.086767538320017
1378,6.086767538320409,6.086767538320409
1379,6.0867669029068265,6.0867669029068265
1380,6.086766902907218,6.086766902907218
1381,6.086766267597234,6.086766267597234
1382,6.086766267597626,6.086766267597626
1383,6.086765632391229,6.086765632391229
1384,6.086765632391619,6.086765632391619
1385,6.086764997288787,6.086764997288787
1386,6.086764997289177,6.086764997289177
1387,6.086764362289895,6.086764362289895
1388,6.086764362290284,6.086764362290284
1389,6.086763727394529,6.086763727394529
1390,6.086763727394917,6.086763727394917
1391,6.086763092602672,6.086763092602672
1392,6.086763092603062,6.086763092603062
1393,6.086762457914312,6.086762457914312
1394,6.0867624579147,6.0867624579147
1395,6.086761823329424,6.086761823329424
1396,6.086761823329811,6.086761823329811
1397,6.086761188847988,6.086761188847988
1398,6.086761188848376,6.086761188848376
1399,6.0867605544699925,6.0867605544699925
1400,6.086760554470379,6.086760554470379
1401,6.086759920195415,6.086759920195415
1402,6.0867599201958,6.0867599201958
1403,6.086759286024239,6.086759286024239
1404,6.086759286024624,6.086759286024624
1405,6.086758651956442,6.086758651956442
1406,6.086758651956828,6.086758651956828
1407,6.086758017992013,6.086758017992013
1408,6.0867580179923975,6.0867580179923975
1409,6.086757384130928,6.086757384130928
1410,6.086757384131313,6.086757384131313
1411,6.086756750373174,6.086756750373174
1412,6.086756750373557,6.086756750373557
1413,6.086756116718723,6.086756116718723
1414,6.086756116719107,6.086756116719107
1415,6.086755483167567,6.086755483167567
1416,6.0867554831679485,6.0867554831679485
1417,6.086754849719684,6.086754849719684
1418,6.086754849720066,6.086754849720066
1419,6.086754216375055,6.086754216375055
1420,6.086754216375437,6.086754216375437
1421,6.086753583133665,6.086753583133665
1422,6.086753583134046,6.086753583134046
1423,6.086752949995493,6.086752949995493
1424,6.086752949995873,6.086752949995873
1425,6.086752316960517,6.086752316960517
1426,6.086752316960898,6.086752316960898
1427,6.086751684028727,6.086751684028727
1428,6.086751684029106,6.086751684029106
1429,6.086751051200098,6.086751051200098
1430,6.086751051200478,6.086751051200478
1431,6.086750418474617,6.086750418474617
1432,6.086750418474996,6.086750418474996
1433,6.086749785852263,6.086749785852263
1434,6.086749785852642,6.086749785852642
1435,6.0867491533330185,6.0867491533330185
1436,6.086749153333396,6.086749153333396
1437,6.086748520916867,6.086748520916867
1438,6.086748520917243,6.086748520917243
1439,6.086747888603786,6.086747888603786
1440,6.086747888604163,6.086747888604163
1441,6.086747256393761,6.086747256393761
1442,6.086747256394138,6.086747256394138
1443,6.086746624286773,6.086746624286773
1444,6.086746624287148,6.086746624287148
1445,6.086745992282803,6.086745992282803
1446,6.08674599228318,6.08674599228318
1447,6.0867453603818396,6.0867453603818396
1448,6.0867453603822135,6.0867453603822135
1449,6.086744728583852,6.086744728583852
1450,6.086744728584226,6.086744728584226
1451,6.086744096888834,6.086744096888834
1452,6.086744096889208,6.086744096889208
1453,6.08674346529676,6.08674346529676
1454,6.086743465297132,6.086743465297132
1455,6.086742833807616,6.086742833807616
1456,6.086742833807989,6.086742833807989
1457,6.086742202421379,6.086742202421379
1458,6.0867422024217515,6.0867422024217515
1459,6.0867415711380355,6.0867415711380355
1460,6.086741571138407,6.086741571138407
1461,6.086740939957569,6.086740939957569
1462,6.08674093995794,6.08674093995794
1463,6.0867403088799525,6.0867403088799525
1464,6.086740308880324,6.086740308880324
1465,6.086739677905181,6.086739677905181
1466,6.086739677905551,6.086739677905551
1467,6.086739047033229,6.086739047033229
1468,6.086739047033597,6.086739047033597
1469,6.086738416264075,6.086738416264075
1470,6.086738416264445,6.086738416264445
1471,6.086737785597712,6.086737785597712
1472,6.086737785598079,6.086737785598079
1473,6.086737155034111,6.086737155034111
1474,6.086737155034479,6.086737155034479
1475,6.086736524573258,6.086736524573258
1476,6.0867365245736265,6.0867365245736265
1477,6.086735894215138,6.086735894215138
1478,6.086735894215504,6.086735894215504
1479,6.08673526395973,6.08673526395973
1480,6.0867352639600965,6.0867352639600965
1481,6.086734633807014,6.086734633807014
1482,6.086734633807379,6.086734633807379
1483,6.086734003756975,6.086734003756975
1484,6.086734003757342,6.086734003757342
1485,6.086733373809599,6.086733373809599
1486,6.086733373809963,6.086733373809963
1487,6.08673274396486,6.08673274396486
1488,6.086732743965224,6.086732743965224
1489,6.086732114222743,6.086732114222743
1490,6.086732114223109,6.086732114223109
1491,6.086731484583233,6.086731484583233
1492,6.086731484583597,6.086731484583597
1493,6.08673085504631,6.08673085504631
1494,6.086730855046673,6.086730855046673
1495,6.086730225611957,6.086730225611957
1496,6.086730225612319,6.086730225612319
1497,6.086729596280153,6.086729596280153
1498,6.086729596280515,6.086729596280515
1499,6.086728967050882,6.086728967050882
1500,6.086728967051243,6.086728967051243
1501,6.086728337924127,6.086728337924127
1502,6.08672833792449,6.08672833792449
1503,6.086727708899875,6.086727708899875
1504,6.086727708900234,6.086727708900234
1505,6.086727079978096,6.086727079978096
1506,6.0867270799784565,6.0867270799784565
1507,6.086726451158779,6.086726451158779
1508,6.086726451159139,6.086726451159139
1509,6.086725822441908,6.086725822441908
1510,6.086725822442267,6.086725822442267
1511,6.086725193827462,6.086725193827462
1512,6.086725193827822,6.086725193827822
1513,6.086724565315425,6.086724565315425
1514,6.086724565315783,6.086724565315783
1515,6.086723936905778,6.086723936905778
1516,6.086723936906136,6.086723936906136
1517,6.086723308598507,6.086723308598507
1518,6.086723308598865,6.086723308598865
1519,6.086722680393589,6.086722680393589
1520,6.0867226803939465,6.0867226803939465
1521,6.086722052291005,6.086722052291005
1522,6.086722052291362,6.086722052291362
1523,6.086721424290743,6.086721424290743
1524,6.086721424291099,6.086721424291099
1525,6.08672079639278,6.08672079639278
1526,6.086720796393135,6.086720796393135
1527,6.0867201685971,6.0867201685971
1528,6.086720168597455,6.086720168597455
1529,6.086719540903687,6.086719540903687
1530,6.086719540904043,6.086719540904043
1531,6.086718913312529,6.086718913312529
1532,6.086718913312884,6.086718913312884
1533,6.086718285823598,6.086718285823598
1534,6.086718285823949,6.086718285823949
1535,6.08671765843687,6.08671765843687
1536,6.086717658437225,6.086717658437225
1537,6.0867170311523475,6.0867170311523475
1538,6.086717031152699,6.086717031152699
1539,6.086716403969996,6.086716403969996
1540,6.086716403970348,6.086716403970348
1541,6.086715776889805,6.086715776889805
1542,6.086715776890157,6.086715776890157
1543,6.08671514991176,6.08671514991176
1544,6.086715149912111,6.086715149912111
1545,6.0867145230358375,6.0867145230358375
1546,6.086714523036188,6.086714523036188
1547,6.086713896262021,6.086713896262021
1548,6.0867138962623715,6.0867138962623715
1549,6.086713269590291,6.086713269590291
1550,6.086713269590641,6.086713269590641
1551,6.086712643020633,6.086712643020633
1552,6.086712643020982,6.086712643020982
1553,6.086712016553025,6.086712016553025
1554,6.086712016553374,6.086712016553374
1555,6.086711390187456,6.086711390187456
1556,6.086711390187805,6.086711390187805
1557,6.086710763923906,6.086710763923906
1558,6.086710763924254,6.086710763924254
1559,6.086710137762353,6.086710137762353
1560,6.0867101377627,6.0867101377627
1561,6.086709511702784,6.086709511702784
1562,6.086709511703131,6.086709511703131
1563,6.086708885745179,6.086708885745179
1564,6.0867088857455265,6.0867088857455265
1565,6.086708259889519,6.086708259889519
1566,6.086708259889866,6.086708259889866
1567,6.08670763413579,6.08670763413579
1568,6.086707634136136,6.086707634136136
1569,6.086707008483975,6.086707008483975
1570,6.086707008484321,6.086707008484321
1571,6.086706382934054,6.086706382934054
1572,6.0867063829343975,6.0867063829343975
1573,6.086705757486006,6.086705757486006
1574,6.08670575748635,6.08670575748635
1575,6.086705132139816,6.086705132139816
1576,6.0867051321401595,6.0867051321401595
1577,6.0867045068954715,6.0867045068954715
1578,6.086704506895815,6.086704506895815
1579,6.086703881752952,6.086703881752952
1580,6.086703881753294,6.086703881753294
1581,6.086703256712234,6.086703256712234
1582,6.0867032567125765,6.0867032567125765
1583,6.086702631773306,6.086702631773306
1584,6.086702631773649,6.086702631773649
1585,6.086702006936151,6.086702006936151
1586,6.086702006936492,6.086702006936492
1587,6.086701382200749,6.086701382200749
1588,6.086701382201091,6.086701382201091
1589,6.086700757567082,6.086700757567082
1590,6.0867007575674235,6.0867007575674235
1591,6.086700133035134,6.086700133035134
1592,6.086700133035474,6.086700133035474
1593,6.086699508604884,6.086699508604884
1594,6.086699508605224,6.086699508605224
1595,6.0866988842763154,6.0866988842763154
1596,6.086698884276655,6.086698884276655
1597,6.086698260049418,6.086698260049418
1598,6.086698260049758,6.086698260049758
1599,6.0866976359241685,6.0866976359241685
1600,6.086697635924506,6.086697635924506
1601,6.086697011900545,6.086697011900545
1602,6.086697011900882,6.086697011900882
1603,6.0866963879785345,6.0866963879785345
1604,6.086696387978874,6.086696387978874
1605,6.086695764158125,6.086695764158125
1606,6.0866957641584625,6.0866957641584625
1607,6.08669514043929,6.08669514043929
1608,6.086695140439628,6.086695140439628
1609,6.086694516822017,6.086694516822017
1610,6.086694516822353,6.086694516822353
1611,6.086693893306284,6.086693893306284
1612,6.086693893306621,6.086693893306621
1613,6.086693269892081,6.086693269892081
1614,6.0866932698924145,6.0866932698924145
1615,6.086692646579378,6.086692646579378
1616,6.0866926465797135,6.0866926465797135
1617,6.0866920233681725,6.0866920233681725
1618,6.086692023368508,6.086692023368508
1619,6.08669140025844,6.08669140025844
1620,6.086691400258775,6.086691400258775
1621,6.086690777250159,6.086690777250159
1622,6.086690777250493,6.086690777250493
1623,6.086690154343319,6.086690154343319
1624,6.0866901543436525,6.0866901543436525
1625,6.086689531537898,6.086689531537898
1626,6.086689531538232,6.086689531538232
1627,6.086688908833882,6.086688908833882
1628,6.086688908834215,6.086688908834215
1629,6.08668828623125,6.08668828623125
1630,6.086688286231582,6.086688286231582
1631,6.086687663729988,6.086687663729988
1632,6.086687663730319,6.086687663730319
1633,6.086687041330076,6.086687041330076
1634,6.086687041330409,6.086687041330409
1635,6.086686419031499,6.086686419031499
1636,6.086686419031829,6.086686419031829
1637,6.086685796834234,6.086685796834234
1638,6.086685796834565,6.086685796834565
1639,6.086685174738271,6.086685174738271
1640,6.086685174738601,6.086685174738601
1641,6.086684552743586,6.086684552743586
1642,6.086684552743916,6.086684552743916
1643,6.0866839308501675,6.0866839308501675
1644,6.086683930850496,6.086683930850496
1645,6.086683309057994,6.086683309057994
1646,6.086683309058323,6.086683309058323
1647,6.086682687367048,6.086682687367048
1648,6.086682687367378,6.086682687367378
1649,6.086682065777319,6.086682065777319
1650,6.086682065777647,6.086682065777647
1651,6.086681444288782,6.086681444288782
1652,6.08668144428911,6.08668144428911
1653,6.08668082290142,6.08668082290142
1654,6.086680822901747,6.086680822901747
1655,6.08668020161522,6.08668020161522
1656,6.086680201615547,6.086680201615547
1657,6.086679580430162,6.086679580430162
1658,6.086679580430488,6.086679580430488
1659,6.0866789593462265,6.0866789593462265
1660,6.086678959346552,6.086678959346552
1661,6.086678338363397,6.086678338363397
1662,6.086678338363722,6.086678338363722
1663,6.08667771748166,6.08667771748166
1664,6.086677717481985,6.086677717481985
1665,6.086677096700996,6.086677096700996
1666,6.086677096701321,6.086677096701321
1667,6.0866764760213865,6.0866764760213865
1668,6.086676476021712,6.086676476021712
1669,6.0866758554428175,6.0866758554428175
1670,6.086675855443141,6.086675855443141
1671,6.086675234965269,6.086675234965269
1672,6.086675234965594,6.086675234965594
1673,6.086674614588725,6.086674614588725
1674,6.086674614589046,6.086674614589046
1675,6.086673994313159,6.086673994313159
1676,6.086673994313482,6.086673994313482
1677,6.086673374138569,6.086673374138569
1678,6.086673374138892,6.086673374138892
1679,6.086672754064933,6.086672754064933
1680,6.086672754065255,6.086672754065255
1681,6.086672134092226,6.086672134092226
1682,6.086672134092549,6.086672134092549
1683,6.086671514220439,6.086671514220439
1684,6.086671514220758,6.086671514220758
1685,6.086670894449549,6.086670894449549
1686,6.08667089444987,6.08667089444987
1687,6.086670274779542,6.086670274779542
1688,6.086670274779862,6.086670274779862
1689,6.086669655210404,6.086669655210404
1690,6.0866696552107245,6.0866696552107245
1691,6.086669035742115,6.086669035742115
1692,6.086669035742434,6.086669035742434
1693,6.086668416374647,6.086668416374647
1694,6.086668416374967,6.086668416374967
1695,6.086667797107999,6.086667797107999
1696,6.086667797108317,6.086667797108317
1697,6.086667177942147,6.086667177942147
1698,6.086667177942465,6.086667177942465
1699,6.0866665588770745,6.0866665588770745
1700,6.086666558877392,6.086666558877392
1701,6.086665939912762,6.086665939912762
1702,6.08666593991308,6.08666593991308
1703,6.086665321049199,6.086665321049199
1704,6.086665321049515,6.086665321049515
1705,6.086664702286355,6.086664702286355
1706,6.086664702286672,6.086664702286672
1707,6.0866640836242265,6.0866640836242265
1708,6.086664083624542,6.086664083624542
1709,6.0866634650627915,6.0866634650627915
1710,6.086663465063107,6.086663465063107
1711,6.08666284660203,6.08666284660203
1712,6.086662846602345,6.086662846602345
1713,6.086662228241927,6.086662228241927
1714,6.086662228242244,6.086662228242244
1715,6.086661609982469,6.086661609982469
1716,6.086661609982783,6.086661609982783
1717,6.0866609918236305,6.0866609918236305
1718,6.086660991823946,6.086660991823946
1719,6.086660373765403,6.086660373765403
1720,6.086660373765717,6.086660373765717
1721,6.086659755807763,6.086659755807763
1722,6.086659755808077,6.086659755808077
1723,6.086659137950696,6.086659137950696
1724,6.086659137951008,6.086659137951008
1725,6.086658520194184,6.086658520194184
1726,6.086658520194497,6.086658520194497
1727,6.086657902538213,6.086657902538213
1728,6.086657902538524,6.086657902538524
1729,6.086657284982757,6.086657284982757
1730,6.086657284983069,6.086657284983069
1731,6.086656667527807,6.086656667527807
1732,6.0866566675281195,6.0866566675281195
1733,6.08665605017335,6.08665605017335
1734,6.086656050173662,6.086656050173662
1735,6.086655432919358,6.086655432919358
1736,6.0866554329196685,6.0866554329196685
1737,6.0866548157658205,6.0866548157658205
1738,6.08665481576613,6.08665481576613
1739,6.086654198712714,6.086654198712714
1740,6.086654198713024,6.086654198713024
1741,6.086653581760028,6.086653581760028
1742,6.086653581760339,6.086653581760339
1743,6.086652964907747,6.086652964907747
1744,6.0866529649080565,6.0866529649080565
1745,6.086652348155848,6.086652348155848
1746,6.086652348156157,6.086652348156157
1747,6.086651731504316,6.086651731504316
1748,6.086651731504623,6.086651731504623
1749,6.0866511149531295,6.0866511149531295
1750,6.086651114953438,6.086651114953438
1751,6.086650498502282,6.086650498502282
1752,6.086650498502589,6.086650498502589
1753,6.086649882151749,6.086649882151749
1754,6.086649882152057,6.086649882152057
1755,6.0866492659015154,6.0866492659015154
1756,6.086649265901822,6.086649265901822
1757,6.08664864975156,6.08664864975156
1758,6.086648649751866,6.086648649751866
1759,6.086648033701874,6.086648033701874
1760,6.086648033702179,6.086648033702179
1761,6.086647417752433,6.086647417752433
1762,6.086647417752737,6.086647417752737
1763,6.086646801903219,6.086646801903219
1764,6.086646801903526,6.086646801903526
1765,6.086646186154226,6.086646186154226
1766,6.086646186154531,6.086646186154531
1767,6.086645570505424,6.086645570505424
1768,6.086645570505728,6.086645570505728
1769,6.086644954956802,6.086644954956802
1770,6.086644954957106,6.086644954957106
1771,6.086644339508343,6.086644339508343
1772,6.086644339508647,6.086644339508647
1773,6.086643724160028,6.086643724160028
1774,6.086643724160331,6.086643724160331
1775,6.086643108911842,6.086643108911842
1776,6.086643108912145,6.086643108912145
1777,6.086642493763768,6.086642493763768
1778,6.086642493764071,6.086642493764071
1779,6.086641878715788,6.086641878715788
1780,6.08664187871609,6.08664187871609
1781,6.086641263767886,6.086641263767886
1782,6.086641263768188,6.086641263768188
1783,6.086640648920042,6.086640648920042
1784,6.086640648920343,6.086640648920343
1785,6.086640034172239,6.086640034172239
1786,6.08664003417254,6.08664003417254
1787,6.086639419524468,6.086639419524468
1788,6.0866394195247695,6.0866394195247695
1789,6.086638804976706,6.086638804976706
1790,6.0866388049770075,6.0866388049770075
1791,6.086638190528937,6.086638190528937
1792,6.086638190529237,6.086638190529237
1793,6.086637576181136,6.086637576181136
1794,6.0866375761814355,6.0866375761814355
1795,6.086636961933297,6.086636961933297
1796,6.086636961933597,6.086636961933597
1797,6.086636347785407,6.086636347785407
1798,6.086636347785704,6.086636347785704
1799,6.086635733737428,6.086635733737428
1800,6.086635733737728,6.086635733737728
1801,6.086635119789367,6.086635119789367
1802,6.086635119789665,6.086635119789665
1803,6.086634505941193,6.086634505941193
1804,6.086634505941489,6.086634505941489
1805,6.086633892192888,6.086633892192888
1806,6.086633892193185,6.086633892193185
1807,6.08663327854444,6.08663327854444
1808,6.0866332785447375,6.0866332785447375
1809,6.086632664995836,6.086632664995836
1810,6.0866326649961335,6.0866326649961335
1811,6.0866320515470544,6.0866320515470544
1812,6.08663205154735,6.08663205154735
1813,6.086631438198077,6.086631438198077
1814,6.086631438198373,6.086631438198373
1815,6.086630824948889,6.086630824948889
1816,6.086630824949185,6.086630824949185
1817,6.0866302117994735,6.0866302117994735
1818,6.086630211799769,6.086630211799769
1819,6.0866295987498145,6.0866295987498145
1820,6.086629598750109,6.086629598750109
1821,6.08662898579989,6.08662898579989
1822,6.086628985800185,6.086628985800185
1823,6.086628372949689,6.086628372949689
1824,6.086628372949982,6.086628372949982
1825,6.086627760184915,6.086627760184915
1826,6.086627760185209,6.086627760185209
1827,6.086627147422456,6.086627147422456
1828,6.086627147422749,6.086627147422749
1829,6.0866265346885005,6.0866265346885005
1830,6.086626534688793,6.086626534688793
1831,6.08662592200101,6.08662592200101
1832,6.086625922001303,6.086625922001303
1833,6.086625309372736,6.086625309372736
1834,6.0866253093730265,6.0866253093730265
1835,6.086624696812933,6.086624696812933
1836,6.086624696813224,6.086624696813224
1837,6.086624084328449,6.086624084328449
1838,6.086624084328737,6.086624084328737
1839,6.086623471924456,6.086623471924456
1840,6.086623471924747,6.086623471924747
1841,6.086622859604935,6.086622859604935
1842,6.086622859605224,6.086622859605224
1843,6.086622247372976,6.086622247372976
1844,6.0866222473732625,6.0866222473732625
1845,6.08662163523103,6.08662163523103
1846,6.086621635231317,6.086621635231317
1847,6.086621023181044,6.086621023181044
1848,6.086621023181332,6.086621023181332
1849,6.086620411224597,6.086620411224597
1850,6.086620411224883,6.086620411224883
1851,6.086619799362953,6.086619799362953
1852,6.086619799363239,6.086619799363239
1853,6.086619187597157,6.086619187597157
1854,6.086619187597441,6.086619187597441
1855,6.086618575928054,6.086618575928054
1856,6.086618575928338,6.086618575928338
1857,6.086617964356344,6.086617964356344
1858,6.086617964356628,6.086617964356628
1859,6.086617352882602,6.086617352882602
1860,6.086617352882885,6.086617352882885
1861,6.086616741507298,6.086616741507298
1862,6.086616741507579,6.086616741507579
1863,6.086616130230823,6.086616130230823
1864,6.086616130231104,6.086616130231104
1865,6.0866155190535,6.0866155190535
1866,6.0866155190537805,6.0866155190537805
1867,6.086614907975596,6.086614907975596
1868,6.086614907975878,6.086614907975878
1869,6.0866142969973405,6.0866142969973405
1870,6.08661429699762,6.08661429699762
1871,6.0866136861189,6.0866136861189
1872,6.08661368611918,6.08661368611918
1873,6.086613075340435,6.086613075340435
1874,6.086613075340715,6.086613075340715
1875,6.086612464662065,6.086612464662065
1876,6.086612464662343,6.086612464662343
1877,6.0866118540838885,6.0866118540838885
1878,6.0866118540841665,6.0866118540841665
1879,6.086611243605991,6.086611243605991
1880,6.086611243606268,6.086611243606268
1881,6.086610633228431,6.086610633228431
1882,6.086610633228708,6.086610633228708
1883,6.086610022951272,6.086610022951272
1884,6.086610022951549,6.086610022951549
1885,6.086609412774546,6.086609412774546
1886,6.086609412774822,6.086609412774822
1887,6.08660880269829,6.08660880269829
1888,6.086608802698566,6.086608802698566
1889,6.086608192722527,6.086608192722527
1890,6.0866081927228,6.0866081927228
1891,6.086607582847272,6.086607582847272
1892,6.086607582847547,6.086607582847547
1893,6.086606973072539,6.086606973072539
1894,6.086606973072811,6.086606973072811
1895,6.086606363398331,6.086606363398331
1896,6.086606363398603,6.086606363398603
1897,6.08660575382465,6.08660575382465
1898,6.086605753824925,6.086605753824925
1899,6.086605144351506,6.086605144351506
1900,6.086605144351778,6.086605144351778
1901,6.086604534978885,6.086604534978885
1902,6.086604534979156,6.086604534979156
1903,6.086603925706782,6.086603925706782
1904,6.0866039257070526,6.0866039257070526
1905,6.086603316535192,6.086603316535192
1906,6.086603316535464,6.086603316535464
1907,6.086602707464098,6.086602707464098
1908,6.086602707464369,6.086602707464369
1909,6.086602098493495,6.086602098493495
1910,6.086602098493764,6.086602098493764
1911,6.0866014896233676,6.0866014896233676
1912,6.086601489623636,6.086601489623636
1913,6.086600880853694,6.086600880853694
1914,6.086600880853962,6.086600880853962
1915,6.086600272184466,6.086600272184466
1916,6.086600272184733,6.086600272184733
1917,6.086599663615666,6.086599663615666
1918,6.086599663615933,6.086599663615933
1919,6.086599055147272,6.086599055147272
1920,6.086599055147539,6.086599055147539
1921,6.086598446779272,6.086598446779272
1922,6.086598446779538,6.086598446779538
1923,6.086597838511645,6.086597838511645
1924,6.086597838511912,6.086597838511912
1925,6.086597230344375,6.086597230344375
1926,6.08659723034464,6.08659723034464
1927,6.086596622277437,6.086596622277437
1928,6.086596622277701,6.086596622277701
1929,6.086596014310811,6.086596014310811
1930,6.086596014311077,6.086596014311077
1931,6.086595406444486,6.086595406444486
1932,6.08659540644475,6.08659540644475
1933,6.086594798678431,6.086594798678431
1934,6.086594798678694,6.086594798678694
1935,6.08659419101263,6.08659419101263
1936,6.086594191012893,6.086594191012893
1937,6.086593583447061,6.086593583447061
1938,6.086593583447323,6.086593583447323
1939,6.086592975981702,6.086592975981702
1940,6.086592975981965,6.086592975981965
1941,6.086592368616535,6.086592368616535
1942,6.086592368616795,6.086592368616795
1943,6.086591761351535,6.086591761351535
1944,6.086591761351797,6.086591761351797
1945,6.086591154186687,6.086591154186687
1946,6.086591154186946,6.086591154186946
1947,6.086590547121962,6.086590547121962
1948,6.086590547122222,6.086590547122222
1949,6.086589940157342,6.086589940157342
1950,6.0865899401576025,6.0865899401576025
1951,6.086589333292806,6.086589333292806
1952,6.086589333293066,6.086589333293066
1953,6.086588726528335,6.086588726528335
1954,6.086588726528593,6.086588726528593
1955,6.0865881198638965,6.0865881198638965
1956,6.086588119864154,6.086588119864154
1957,6.086587513299477,6.086587513299477
1958,6.086587513299734,6.086587513299734
1959,6.0865869068350555,6.0865869068350555
1960,6.086586906835313,6.086586906835313
1961,6.086586300470613,6.086586300470613
1962,6.086586300470869,6.086586300470869
1963,6.0865856942061205,6.0865856942061205
1964,6.086585694206377,6.086585694206377
1965,6.0865850880415575,6.0865850880415575
1966,6.086585088041812,6.086585088041812
1967,6.0865844819769,6.0865844819769
1968,6.086584481977157,6.086584481977157
1969,6.0865838760121385,6.0865838760121385
1970,6.0865838760123925,6.0865838760123925
1971,6.086583270147235,6.086583270147235
1972,6.08658327014749,6.08658327014749
1973,6.086582664382182,6.086582664382182
1974,6.086582664382436,6.086582664382436
1975,6.086582058716946,6.086582058716946
1976,6.0865820587172,6.0865820587172
1977,6.086581453151515,6.086581453151515
1978,6.086581453151768,6.086581453151768
1979,6.086580847685861,6.086580847685861
1980,6.086580847686112,6.086580847686112
1981,6.086580242319963,6.086580242319963
1982,6.086580242320214,6.086580242320214
1983,6.086579637053799,6.086579637053799
1984,6.086579637054051,6.086579637054051
1985,6.08657903188735,6.08657903188735
1986,6.086579031887601,6.086579031887601
1987,6.086578426820598,6.086578426820598
1988,6.086578426820847,6.086578426820847
1989,6.086577821853511,6.086577821853511
1990,6.086577821853761,6.086577821853761
1991,6.086577216986072,6.086577216986072
1992,6.086577216986321,6.086577216986321
1993,6.086576612218262,6.086576612218262
1994,6.086576612218511,6.086576612218511
1995,6.086576007550059,6.086576007550059
1996,6.086576007550309,6.086576007550309
1997,6.086575402981444,6.086575402981444
1998,6.086575402981692,6.086575402981692
1999,6.086574798512387,6.086574798512387
2000,6.086574798512634,6.086574798512634
