iter,rho,price_mean,imb_mean,primal_res,dual_res
1,0.5,64.84128358995184,-6.069566571332351e-9,1.0209520835047123e-7,Inf
2,0.49504950495049505,67.90666013659758,-6.192060624224369,86.51418366724253,31.922705501502353
3,0.5,68.82457155812845,-1.8358228430617203,27.32604856052552,12.90037953220533
4,0.505,67.99658199567098,1.6395832919949758,27.60161415088627,8.303586640506666
5,0.51005,66.45809295953474,3.0163494483604167,46.48665292155094,2.954018634356052
6,0.5151505,64.93749988649807,2.951745311392814,44.79397828440844,2.0286419402499147
7,0.520302005,63.54209207131692,2.681918965853619,38.965275988189,3.6761671272936867
8,0.52550502505,62.171981041125356,2.607227266877613,37.19117090079664,1.569351606190645
9,0.5307600753005,60.67727498321856,2.816161439913365,40.09173415640214,1.5703929655961233
10,0.5360676760535049,59.00831371817784,3.113340609020742,44.43891662442103,1.9348740844206922
11,0.54142835281404,57.21740523527092,3.307747873931563,47.06512332973864,1.1416020012943708
12,0.5468426363421804,55.3639615643122,3.389354720685969,47.97567076919432,0.785861548748881
13,0.5523110627056023,53.45301059104899,3.459917974306093,48.807157687487155,0.6486198262322009
14,0.5578341733326583,51.43637066956831,3.6151243826326795,50.88520739290965,0.911545878033474
15,0.5634125150659849,49.27565419960158,3.835052314579301,53.87275859511902,1.3083480463186674
16,0.5690466402166448,46.970594158494265,4.050740094396736,56.789238499799744,1.2844617632597541
17,0.5747371066188112,44.539862007133074,4.229293921287311,59.184630196338205,1.076441467216611
18,0.5804844776849993,42.00153785676474,4.372768347727895,61.113951582107696,0.8834962802599509
19,0.5862893224618493,39.351871147058965,4.5193842155946795,63.0991982451145,0.8968159379408244
20,0.5921522156864678,36.57620838381555,4.687414299422421,65.37910456606627,1.035793811529535
21,0.5980737378433325,33.670365466564725,4.85866998228238,67.70442344305769,1.0694320155884691
22,0.6040544752217658,30.641605901392442,5.014050370308647,69.81620371114018,0.9791199053604068
23,0.6100950199739835,27.498610225761738,5.151649452514337,71.68997428595107,0.8754597580801803
24,0.6161959701737234,24.246444866898543,5.277810171245231,73.41154145597618,0.809876737765166
25,0.6223579298754607,20.8834976677576,5.403558045470544,75.12880592847294,0.8150894374601722
26,0.6285815091742153,17.40597463041077,5.532334290131039,76.8875503688987,0.8444881084271727
27,0.6348673242659575,13.814990859002231,5.656274364979308,78.58199858350979,0.8209844818443436
28,0.641215997508617,10.114955672617427,5.7703413526189875,80.14354833129447,0.7623927692811343
29,0.6476281574837032,6.3102192660774366,5.874877987583067,81.57613279154468,0.7054084051904482
30,0.6541044390585402,2.402901494420915,5.973538074868241,82.92890204789283,0.6726721055544218
31,0.6606454834491257,-1.6243124868902215,6.09587756550713,84.60983761984473,0.8399432926688297
32,0.667251938283617,-5.784316988675811,6.23453340950412,86.51777869222468,0.9599384499799524
33,0.6739244576664531,-10.086787720885054,6.38420327866877,88.57958283856419,1.0454001290006243
34,0.6806637022431177,-14.540348433210704,6.542967838080693,90.76845497305041,1.1193407969691584
35,0.6874703392655489,-19.151805562531973,6.707863402874755,93.04345142389782,1.1736311940155009
36,0.6943450426582044,-23.92784111568694,6.878475771743936,95.39851902339177,1.2261246303230091
37,0.7012884930847865,-28.8758583084504,7.055608699635726,97.84462088880592,1.2854395581631872
38,0.7083013780156343,-34.00150812319617,7.236537967927884,100.34415863705927,1.3258493766256816
39,0.7153843917957906,-39.30947605367168,7.419742436861398,102.87600380231504,1.355730281681496
40,0.7225382357137485,-44.803609752514596,7.603934888533094,105.42221364035743,1.376555007095292
41,0.7297636180708861,-50.48786509198221,7.789173368896914,107.9835224804476,1.3980681848530245
42,0.737061254251595,-56.366489347729306,7.975760795778364,110.56408199682336,1.4221773338956731
43,0.7444318667941109,-62.443670558868,8.16351567176997,113.16132050835623,1.4452639779692724
44,0.751876185462052,-68.723243819132,8.351871467248307,115.76733468629001,1.4642819326809253
45,0.7593949473166726,-75.20847718025813,8.5400006729591,118.3706062659713,1.4770793229669346
46,0.7669888967898393,-81.90171705278216,8.726645066881632,120.95363060818066,1.480072994826153
47,0.7746587857577377,-88.8053708040541,8.911864007995563,123.51724628438893,1.483390129056231
48,0.7824053736153151,-95.92223455836654,9.096133531684526,126.06805229193583,1.4904311932100855
49,0.7902294273514683,-103.25512044497837,9.279439151220561,128.60579156902494,1.4973950064687787
50,0.798131721624983,-110.80667280437912,9.461536429132204,131.1270141985429,1.5023514343527744
51,0.8061130388412329,-118.57890138748932,9.64161129843848,133.6204009908551,1.5005189484931016
52,0.8141741692296453,-126.57369235974232,9.81950947893315,136.08381376987793,1.4971826466371163
53,0.8223159109219417,-134.79318349176503,9.995539454912604,138.5215291835117,1.4962301568601988
54,0.8305390700311611,-143.2396946310799,10.16991426905178,140.9364794941534,1.496954583187317
55,0.8388444607314728,-151.91551345247987,10.342583431777843,143.3279331988145,1.4971214826648511
56,0.8472329053387875,-160.82285410088735,10.513449834488757,145.69452532379734,1.4963014611499532
57,0.8557052343921754,-169.9639560869369,10.68253601667242,148.0365615743637,1.4955185927284584
58,0.8642622867360972,-179.34113322628477,10.84992054294181,150.35511769741547,1.4952795861325852
59,0.8729049096034581,-188.9567646597169,11.015668863404942,152.65109887756765,1.495476462435074
60,0.8816339586994927,-198.81317474566785,11.179707846655852,154.92348350002038,1.4948662245816158
61,0.8904502982864876,-208.91254356211746,11.341866958643372,157.16989576640347,1.4925362268469353
62,0.8993548012693525,-219.25631222020385,11.501321440089171,159.3789159007591,1.482582897710217
63,0.9083483492820461,-229.76957247444406,11.574040138400468,160.38623519008772,0.68620709897073
64,0.9174318327748666,-240.3051949131329,11.483820445626796,159.1340879998577,0.3641321901599719
65,0.9266061511026152,-250.81471658740722,11.34195112105445,157.16715052124118,0.7063126902951626
66,0.9358722126136414,-261.6015947537745,11.526016074611741,159.72088677516626,0.9840318668124466
67,0.9452309347397778,-272.5851457798338,11.619965684981628,161.0225927097328,0.918898856164569
68,0.9546832440871756,-283.573514263664,11.509962651891735,159.49868330147424,1.0874984662451397
69,0.9642300765280474,-294.0410287771562,10.85582660020645,150.4324456461127,2.7692901714569285
70,0.9738723772933279,-304.32958156649084,10.56458015364334,146.39567728907068,1.0615458798278008
71,0.9836111010662612,-315.0015356674059,10.849769882981564,150.34725362944226,3.1511350984053297
72,0.9934472120769238,-326.09412527394267,11.16575644049204,154.73137368726663,2.8037426994076613
73,1.003381684197693,-337.3194915819708,11.187533602433609,155.03210236736405,0.2409401197705786
74,1.01341550103967,-348.65882683714784,11.18922617972977,155.0565583918436,0.15601767087864893
75,1.0235496560500665,-360.10182940875137,11.179723918586133,154.92657329095846,0.17420698153632394
76,1.0337851526105672,-371.6729982122665,11.193011211560757,155.10901780222179,0.22151854622049655
77,1.044123004136673,-383.39089507324485,11.22271687775631,155.52036728808716,0.32038408855580136
78,1.0545642341780397,-395.2730546287591,11.26736444345236,156.1389816510904,0.48772298353539967
79,1.0651098765198201,-407.32165050187723,11.312068490516893,156.75846905554855,0.49484023809789524
80,1.0757609752850184,-419.52374006984905,11.34275164121734,157.18380830464034,0.34568587688863134
81,1.0865185850378685,-431.8843037898896,11.376302154656498,157.6489355882421,0.3800205807133129
82,1.0973837708882472,-444.41708290175575,11.420598193940867,158.26292480772233,0.5041382462259647
83,1.1083576085971296,-457.1330635349454,11.472813949718299,158.98660814032084,0.599280464870118
84,1.119441184683101,-470.0345137441812,11.524902233151359,159.70852536208415,0.6038629300907077
85,1.130635596529932,-483.10967737660735,11.56443656342983,160.25654127315966,0.46401239145331713
86,1.1419419524952312,-496.3618871075167,11.604976682004098,160.81852120393893,0.4804009443063821
87,1.1533613720201836,-509.80099570893526,11.652123027043238,161.47203427400214,0.5633827520157176
88,1.1648949857403854,-523.4253267658859,11.695759037276035,162.0769076189388,0.5268307159091554
89,1.1765439355977894,-537.2396240742947,11.74142069024382,162.70984254783454,0.5565543121733683
90,1.1883093749537672,-551.2474253875049,11.788008752985954,163.35567947384723,0.5737814138503999
91,1.200192468703305,-565.4420567432365,11.82696252965804,163.89574576594666,0.4852307779025486
92,1.212194393390338,-579.8285529133831,11.868142806624837,164.46667781364658,0.5177807404039754
93,1.2243163373242414,-594.4056850179218,11.906344512560459,164.99636366893972,0.48551587591046685
94,1.2365595006974839,-609.1726915548808,11.942010496566922,165.49092376978265,0.45817032349057907
95,1.2489250957044586,-624.1302858967052,11.976374238350592,165.96751262293074,0.44645198284616755
96,1.2614143466615033,-639.2803151008887,12.010351114429719,166.43880536992287,0.44653158015888667
97,1.2740284901281183,-654.6244073988314,12.043759159890977,166.9023076464615,0.4443962595720601
98,1.2867687750293995,-670.1637081713085,12.076218411596237,167.3526820286981,0.43635682754811295
99,1.2996364627796935,-685.8990649356723,12.107506379675279,167.78687127613335,0.42521368133492404
100,1.3126328274074903,-701.8304415375692,12.136963413723285,168.19558163133084,0.4293250505132698
101,1.3257591556815653,-717.956010665168,12.163271932532089,168.5604186733648,0.46235495617628614
102,1.339016747238381,-734.2731651394844,12.185922624171276,168.87448562923947,0.5042426437318362
103,1.3524069147107647,-750.778049363941,12.20408151195096,169.1260597163292,0.5590597864711733
104,1.3659309838578724,-767.465685153361,12.217041700224323,169.30543668845593,0.6193872100213214
105,1.379590293696451,-784.3313009385837,12.225090204159896,169.41669837423862,0.6766400270130796
106,1.3933861966334156,-801.3709745649761,12.228966863287576,169.47005164944304,0.7292253818190086
107,1.4073200585997496,-818.5812544013019,12.229115709080354,169.47137680511088,0.7815987679660504
108,1.4213932591857472,-835.9585234324048,12.225518109645096,169.42066278772458,0.8370301461380161
109,1.4356071917776048,-853.4991242151614,12.218245271561656,169.3190205326371,0.8906884504011896
110,1.4499632636953808,-871.1996222425114,12.207549301792893,169.16995010644644,0.9403891500827051
111,1.4644628963323345,-889.0568365291512,12.19369526627282,168.97713292411206,0.9876749825676038
112,1.4791075252956578,-907.0677303386509,12.176865779855682,168.7431139588622,1.0346133527164452
113,1.4938986005486143,-925.2476799287629,12.16946691257062,168.6397767926942,1.2559896418063556
114,1.5088375865541006,-943.5821744335758,12.151403615736891,168.3886144558604,1.3291476468407908
115,1.5239259624196417,-962.0724845501868,12.133338871169663,168.13748664097352,1.3199998504515604
116,1.539165222043838,-980.7197911493193,12.115207862071529,167.88549640657035,1.3138719602662936
117,1.5545568742642766,-999.5191163828094,12.093044355412987,167.5777168100446,1.3414101348494634
118,1.5701024430069193,-1018.4821966926171,12.07760703402967,167.3631166454502,1.5572826044613002
119,1.5858034674369885,-1037.5925366016097,12.050887957685836,166.99218074180996,1.623838237025075
120,1.6016615021113585,-1056.851570059397,12.024409297719536,166.62464680909807,1.6010177814866327
121,1.6176781171324721,-1076.2608939508846,11.998260770129411,166.26173940871078,1.5829901112214346
122,1.6338548983037968,-1095.8153833065837,11.968314552290058,165.84628527456442,1.601914017693382
123,1.6501934472868347,-1115.5082943006532,11.93369845604896,165.36611306797136,1.6373596028530206
124,1.666695381759703,-1135.2660426606628,11.854444775115107,164.26732498174843,2.3105383890247904
125,1.6833623355773,-1155.0383121372151,11.745700292011827,162.76007039753227,2.5723601568588577
126,1.700195958933073,-1174.839513592541,11.64642307922665,161.38414005647414,2.4405291980008483
127,1.7171979185224038,-1194.6836513379424,11.55611565292162,160.1326187443041,2.2958155046881354
128,1.7343698977076278,-1214.6527963706442,11.513775152056908,159.54574844733142,1.7977751225211804
129,1.7517135966847042,-1234.7631634705874,11.480396760066617,159.08312641802885,1.6924490379561625
130,1.7692307326515513,-1254.9856668405998,11.430110836761612,158.38628500028463,1.8766329503538968
131,1.786923039978067,-1275.2039107825715,11.31455775634319,156.78517683221162,2.5692973137265125
132,1.8047922703778476,-1295.472924889835,11.230663184865817,155.6228303945406,2.2720772760021575
133,1.822840193081626,-1315.8744661991502,11.192172186430378,155.0895538778845,2.07647891305624
134,1.8410685950124424,-1336.400376140823,11.148911016829189,154.49019025792205,2.0788428535332653
135,1.8594792809625669,-1356.9317919691869,11.041486742318463,153.00188018614136,2.733193605054674
136,1.8780740737721926,-1377.4162626540956,10.907168663355572,151.1410170378944,3.038143128631937
137,1.8968548145099144,-1397.9671516840278,10.834191880543024,150.13019945978556,2.3445432120585825
138,1.9158233626550136,-1418.6443894728689,10.792872762646416,149.55794840479427,1.9492103974460744
139,1.9349815962815637,-1439.4257717333758,10.739834580567697,148.82330934069552,2.070008946995456
140,1.9543314122443793,-1460.1933364063605,10.626429347075062,147.2523305986431,3.0612190170956843
141,1.973874726366823,-1480.8817165352855,10.481100878678998,145.23911777295586,3.426717632570509
142,1.9936134736304914,-1501.623371598037,10.40405040249851,144.17177027427076,2.603486516218572
143,2.0135496083667963,-1522.4911583592286,10.363681468030777,143.61254309356664,2.116245590357829
144,2.0336851044504645,-1543.4602183333136,10.310868643428131,142.88089483989677,2.2414390807752063
145,2.054021955494969,-1564.3810576449375,10.18530461938603,141.14138294912985,3.112578803076212
146,2.074562175049919,-1585.195849540083,10.033342044639047,139.03624999967693,3.4673903750131876
147,2.095307796800418,-1606.0380315343998,9.947074136861291,137.84152080433122,2.646630153113203
148,2.116260874768422,-1626.982256921003,9.896806975129671,137.14546996778523,2.155219396079462
149,2.1374234835161063,-1648.0289921144529,9.846778308446163,136.45252008127656,2.4915038437348267
150,2.158797718351267,-1669.0138466375583,9.720621040461701,134.70473262009918,3.418818896996659
151,2.18038569553478,-1689.991324892628,9.620994257130347,133.32453864833016,3.1171630162287847
152,2.2021895524901276,-1711.0425162168146,9.559209515085945,132.46871334757677,2.5904247517660766
153,2.224211448015029,-1732.1809891079354,9.503805454281762,131.70122370901234,2.4695156164569463
154,2.246453562495179,-1753.3994187016933,9.44530078342249,130.89072057892704,2.8538882493947253
155,2.268918098120131,-1774.5514970147788,9.322539377075977,129.19005266301022,3.627870197713419
156,2.291607279101332,-1795.7063163964585,9.231433140662727,127.92798400779779,3.2085103637282963
157,2.3145233518923454,-1816.941283731825,9.174661088644635,127.14161885777025,2.691754155062552
158,2.3376685854112687,-1838.260296732388,9.119775631845025,126.38163126150899,2.6236751313519333
159,2.3610452712653816,-1859.5160594258234,9.002691711219954,124.75996500250751,3.4231782225928855
160,2.3846557239780353,-1880.6387085074382,8.85773525680179,122.7526175683355,3.821521035314533
161,2.4085022812178156,-1901.761292297433,8.770007798919089,121.53838419141913,2.997199182195778
162,2.432587304029994,-1922.963791790523,8.716028180351033,120.79148748494688,2.4653708693705063
163,2.4569131770702937,-1944.2280708776805,8.654876080120323,119.94478697202575,2.585253059360624
164,2.4814823088409965,-1965.394978364616,8.529944949243577,118.21451893597627,3.540564634591534
165,2.5062971319294065,-1986.5159138689417,8.427147457997295,116.790956388773,3.275683392930563
166,2.5313601032487005,-2007.6737397014895,8.358283677377633,115.83770352482865,2.740114252049476
167,2.5566737042811876,-2028.8879494571356,8.297582018433888,114.99752002439655,2.6005340801551147
168,2.5822404413239997,-2050.157999485789,8.23705247902741,114.15962771289988,3.004371189008491
169,2.6080628457372397,-2071.330529291254,8.118105681414425,112.51252913285384,3.8407203226400553
170,2.634143474194612,-2092.4781696179048,8.028279603531075,111.2687152669281,3.40308587458822
171,2.660484908936558,-2113.6860146156205,7.971420896422878,110.4815215282148,2.8293620147206497
172,2.6870897580259236,-2134.9623205200105,7.9179736519189765,109.74140032012077,2.7365441599517646
173,2.713960655606183,-2156.299085210975,7.861854830831484,108.96409072062427,3.1834867205025734
174,2.7411002621622447,-2177.5381204672585,7.748361323905228,107.39209538612205,4.0036416502828365
175,2.768511264783867,-2198.756343576565,7.66412742444204,106.22532716989609,3.525042587671589
176,2.7961963774317056,-2220.0405418410114,7.6118395818806635,105.50107662396714,2.9336337314234315
177,2.8241583412060227,-2241.396372599708,7.561839025490454,104.80852932042063,2.844416710024341
178,2.852399924618083,-2262.786070260469,7.498842457592887,103.93591160439972,3.0585934891635227
179,2.880923923864264,-2284.0639528218494,7.385784256614465,102.36985412961587,3.8705284189634397
180,2.9097331631029064,-2305.3044585092007,7.29981221532391,101.17884765395297,3.4452929819925093
181,2.9388304947339354,-2326.5920779792837,7.243568320196722,100.3997387173715,2.8877555888017596
182,2.9682187996812748,-2347.9655169960984,7.200762632158302,99.80690776456504,3.0593952603700076
183,2.9979009876780878,-2369.2472946270173,7.0988927647681,98.39620033004738,3.9445463090348443
184,3.0278799975548685,-2390.491452325277,7.0161821853623705,97.25078075726721,3.6191013570370685
185,3.058158797530417,-2411.7824497798506,6.962031360754331,96.5008476339834,3.060956490373846
186,3.088740385505721,-2433.1356050843688,6.913224369623559,95.82488624712698,2.922419362867618
187,3.1196277893607784,-2454.519022491467,6.854477152698934,95.0112311624032,3.09378014051637
188,3.150824067254386,-2475.779624565395,6.747632244809462,93.5316450955012,3.9115684932875427
189,3.18233230792693,-2496.992835685284,6.665932111190202,92.40089278876776,3.507620027300734
190,3.214155631006199,-2518.246358613705,6.612474742478249,91.66173130190714,2.9670208460321668
191,3.2462971873162614,-2539.5505648793046,6.562617356426092,90.97223176197103,2.8743131357870206
192,3.278760159189424,-2560.7407713828557,6.462871779188025,89.59215067327115,3.772785968141433
193,3.3115477607813184,-2581.73752152172,6.340464234739016,87.8985041805761,4.215620221278345
194,3.3446632383891317,-2602.6986643253786,6.2670413460679475,86.88387363251154,3.283242386004529
195,3.3781098707730233,-2623.721707141907,6.223315291908381,86.28008437706652,2.6470653159456554
196,3.4118909694807535,-2644.821536455876,6.18420386310902,85.74002341663449,3.036974040456603
197,3.446009879175561,-2665.7932690877337,6.085801656748199,84.37907993841371,4.112734087365841
198,3.4804699779673167,-2686.699247883452,6.006653965717689,83.28437385952631,3.7599303404146758
199,3.51527467774699,-2707.6434903003315,5.958067103394345,82.6124565338882,3.0808746086636356
200,3.5504274245244596,-2728.64887632735,5.916297818658051,82.03471031935119,2.893780659462537
201,3.5859316987697043,-2749.6785914967127,5.864505220938287,81.31802350184981,3.0990010078648504
202,3.6217910157574016,-2770.5657095274546,5.767068817573658,79.96964850004099,3.998636247551505
203,3.6580089259149755,-2791.3887794261414,5.692460111610394,78.93713526592231,3.567736143767715
204,3.694589015174125,-2812.2462342893905,5.64540596466484,78.28597856141675,2.9518409521662696
205,3.7315349053258666,-2833.1905839333217,5.612797461451687,77.83472556189577,3.143456339657954
206,3.7688502543791254,-2854.166284146231,5.565543547010944,77.18051198042482,3.3926339007194475
207,3.8065387569229165,-2875.152949471882,5.5133197547198725,76.4572261090903,3.4861508144685565
208,3.8446041444921457,-2896.161659847932,5.464466453886317,75.78035795107283,3.397601784555627
209,3.8830501859370674,-2917.2423699086485,5.428904868925773,75.28738777241173,3.617734782803901
210,3.9218806877964383,-2938.3727650202477,5.387822015429868,74.7179051662861,3.609689743619643
211,3.9610994946744027,-2959.5478305011657,5.345754508158205,74.13471546544321,3.5396664013071435
212,4.000710489621147,-2980.7672660489716,5.303916792493012,73.55460020900762,3.47544297349279
213,4.040717594517359,-3001.9182029723474,5.234450670860255,72.59237264581348,4.492467022128349
214,4.081124770462533,-3022.90767801228,5.143061342266595,71.327028702072,4.783205009153142
215,4.121936018167158,-3043.9043646116347,5.093889499209117,70.64609962946737,3.681105227601648
216,4.16315537834883,-3065.0040719874905,5.068200789619339,70.2902421402495,3.0182395497092305
217,4.204786932132318,-3086.1734893024636,5.0345992928201015,69.82476148080733,3.1531652065277656
218,4.246834801453642,-3107.1988171387125,4.950823099841827,68.66505199462961,4.2373915152100885
219,4.289303149468179,-3127.995684529363,4.848542214422371,67.24958444236786,4.639406750111648
220,4.33219618096286,-3148.7576343518526,4.792476830509989,66.47493128929209,3.539174716005251
221,4.375518142772489,-3169.5976785450453,4.762874592948111,66.06624736524908,2.8308912340830896
222,4.419273324200215,-3190.488968471256,4.72731338245314,65.57508503153012,2.980948410091247
223,4.463466057442217,-3211.215648517505,4.643628915176875,64.41819497063084,4.1245808915795115
224,4.508100718016639,-3231.8446190710797,4.575978187694264,63.48278422127707,3.851072629596093
225,4.553181725196805,-3252.49191978228,4.5346972638809975,62.91206995851181,3.1818868648160006
226,4.598713542448773,-3273.235864363975,4.510814685501781,62.58206576618748,3.3397774159228732
227,4.644700677873261,-3294.0188003355474,4.474547966154219,62.08049427388791,3.566641249813392
228,4.691147684651994,-3314.8140228790267,4.4328646082734915,61.50358477540286,3.694374548620424
229,4.738059161498514,-3335.6301514202955,4.3933872144151485,60.9567658182398,3.6370963447398807
230,4.785439753113499,-3356.527694006587,4.36690119705185,60.5894597213654,3.92592642690269
231,4.833294150644634,-3377.3201542437037,4.3019231995933405,59.69001923750445,4.607891114842571
232,4.8816270921510805,-3398.091591189464,4.255023284993926,59.04064227359531,4.050023726148001
233,4.930443363072591,-3418.9355661225104,4.227606606164758,58.66073482782523,3.429297306880691
234,4.979747796703317,-3439.8555408269535,4.201010886192299,58.29203864807104,3.355477977250948
235,5.02954527467035,-3460.6905049837155,4.142514485691357,57.482402304490705,4.697973485505507
236,5.079840727417054,-3481.3153678346266,4.060139669260545,56.34281751622665,5.131416364869721
237,5.130639134691224,-3501.928779389252,4.017708323168926,55.757091645610316,3.9734119940944077
238,5.181945526038136,-3522.6524936000637,3.999214987243466,55.50195199343089,3.182480919244846
239,5.233764981298518,-3543.455088500316,3.9746902993512325,55.16329165155417,3.2972750390144077
240,5.286102631111503,-3564.094869910025,3.904536640706777,54.19390373223071,4.427197581424178
241,5.338963657422618,-3584.6375192369073,3.8476848027091584,53.40810343734512,4.143577512474253
242,5.392353293996845,-3605.204025048848,3.8140130459990065,52.94267063883758,3.447177502160821
243,5.446276826936813,-3625.8285823784686,3.7869094768768705,52.56800028249135,3.237058932130151
244,5.5007395952061815,-3646.473858002977,3.7531817798646236,52.101578570829666,3.4476295786854827
245,5.5557469911582436,-3666.936645168768,3.6831747735015057,51.13393155479255,4.394047211845383
246,5.611304461069826,-3687.3155926234535,3.6317664806945653,50.42484262310287,4.028386566031329
247,5.6674175056805245,-3707.728571362186,3.6018131218095477,50.011718031352416,3.364541174335752
248,5.72409168073733,-3728.196992326824,3.575837374079464,49.65361734936725,3.24850504974341
249,5.781332597544703,-3748.6789737402273,3.542778601269234,49.197428248205156,3.494238688315791
250,5.83914592352015,-3768.971493315616,3.475254744645371,48.265157390661706,4.434292738399808
251,5.897537382755352,-3789.1769871859124,3.4260900031558683,47.58619124944798,3.9613488732066555
252,5.956512756582905,-3809.4783708907216,3.408266637618168,47.340190854111015,3.716391016563714
253,6.016077884148734,-3829.8680678402156,3.3892009615130045,47.07676920065512,3.614934413844907
254,6.076238662990221,-3850.3028972292846,3.3630722100395176,46.71530576262602,3.776770351042921
255,6.137001049620123,-3870.7578283053867,3.3330499556241926,46.299483597165036,3.8980679506570577
256,6.198371060116324,-3891.2963380335354,3.3135334314371843,46.02846396168622,4.338219831876051
257,6.260354770717488,-3911.713553397946,3.2613511713284633,45.3065505629361,4.981457780174897
258,6.3229583184246625,-3932.1136044692466,3.2263459671807593,44.821833588556075,4.317160017121317
259,6.386187901608909,-3952.602626500544,3.2083337269379455,44.571780504892885,3.6465189656704737
260,6.450049780624998,-3973.179469856599,3.1901836506542502,44.319645935326804,3.583124327069086
261,6.514550278431249,-3993.663898176744,3.1444117313770215,43.686438190618354,5.051133298292323
262,6.579695781215561,-4013.9100250324555,3.077061239444307,42.755613619240464,5.497388435130134
263,6.645492739027716,-4034.144714928168,3.044874276496748,42.31236182023077,4.2754716018339405
264,6.711947666417993,-4054.5080990363845,3.033900906305041,42.16135689905712,3.4471824551770833
265,6.779067143082173,-4074.9645559235464,3.0175917210136176,41.9365524904795,3.561195873986016
266,6.846857814512995,-4095.2368111555807,2.960811481883536,41.15333543407562,4.720085004931334
267,6.915326392658125,-4115.397712045672,2.9153939735217986,40.52652268393471,4.450447752092241
268,6.984479656584706,-4135.586384610677,2.8905048847801456,40.18286982402715,3.7376256733707267
269,7.054324453150553,-4155.844834708261,2.8717774794913935,39.92419152485231,3.5303152017005512
270,7.124867697682059,-4176.131627790143,2.847322075676171,39.586242038056064,3.749522013803291
271,7.19611637465888,-4196.281930765142,2.8001635779485796,38.93548553014782,5.203049892295228
272,7.2680775384054686,-4216.371407893002,2.76407028154342,38.43696601544532,4.765234959832248
273,7.340758313789523,-4236.539243714813,2.7473777176298473,38.205856135688975,3.9551131744390893
274,7.414165896927418,-4256.814883728805,2.7347162574813493,38.03009590942577,3.736138307104887
275,7.488307555896692,-4277.14183858349,2.71449252090086,37.74967150731832,3.9708603887185623
276,7.563190631455659,-4297.272562011448,2.661670769507469,37.019958887577936,4.930924633446217
277,7.638822537770215,-4317.316398903874,2.6239432573956454,36.498370965940396,4.441180925216991
278,7.715210763147917,-4337.413458837164,2.6048620770392885,36.23406728205023,3.7455158239443205
279,7.792362870779397,-4357.6637432252255,2.5987347770982763,36.14848053028657,4.132988055801941
280,7.870286499487191,-4377.9777883392735,2.5811061789643603,35.90379739300141,4.404504248193148
281,7.948989364482063,-4398.320038672378,2.559098949609843,35.59812593284674,4.506612962727502
282,8.028479258126884,-4418.7030470471755,2.5388380189390776,35.31606367441047,4.381196908567808
283,8.108764050708153,-4439.141068013437,2.520485346281092,35.06016053774027,4.235487926928448
284,8.189851691215235,-4459.708639897873,2.51134851519945,34.931546311390136,4.795833826560155
285,8.271750208127388,-4480.13547017719,2.4694689473632896,34.35194252111523,5.5420997404747245
286,8.354467710208661,-4500.531477761422,2.4413293930516935,33.96171605351923,4.8913017371085115
287,8.438012387310748,-4521.025493577549,2.428772899995248,33.786292832460056,4.143907885066798
288,8.522392511183854,-4541.6234013410185,2.4169161108736597,33.62043976577896,4.030311112133453
289,8.607616436295693,-4562.124899772839,2.3817857804830305,33.13434430379284,5.630274707468965
290,8.69369260065865,-4582.35110005033,2.326537319246943,32.3714869716436,6.056595632280197
291,8.780629526665237,-4602.555601808952,2.3010311159653942,32.01883806399526,4.642986708453233
292,8.86843582193189,-4622.9030398367095,2.294366045637699,31.925960690805063,3.7904725786509976
293,8.95712018015121,-4643.35402015075,2.283209324282408,31.770922666307314,3.9089644076400543
294,9.046691381952721,-4663.622592703466,2.2404403662039045,31.180188220552985,4.798831305476967
295,9.137158295772249,-4683.549977151012,2.1809170644190234,30.359218820228314,5.397419628296721
296,9.22852987872997,-4703.377084665806,2.1484578557296268,29.911557680605288,4.31673854194512
297,9.32081517751727,-4723.276314157712,2.1349237285495026,29.72500124582023,3.6445254551176616
298,9.414023329292442,-4743.235547002374,2.1201596964985674,29.521418569602655,3.745805232390695
299,9.508163562585366,-4762.994945877573,2.0781509221140317,28.945315241824538,4.737694968796037
300,9.603245198211221,-4782.620323657185,2.043619357263639,28.470837775736232,4.621328562221593
301,9.699277650193332,-4802.239449887557,2.022740964630492,28.184359662374003,4.178392435648651
302,9.796270426695266,-4821.901709603393,2.007116878098325,27.970238706707036,4.0544142693655365
303,9.894233130962219,-4841.675614261836,1.9985282736632326,27.85260252265443,4.751951620087999
304,9.993175462271841,-4861.2543620895385,1.9592118542918138,27.31211619550682,5.655160199390184
305,10.093107216894559,-4880.767022029351,1.9332658932971356,26.95480254273419,5.0724392846256405
306,10.194038289063505,-4900.3756953777975,1.9235432310944454,26.82014998236485,4.329573840005753
307,10.29597867195414,-4920.199251749701,1.9253688263655029,26.844179077432873,4.807154201752379
308,10.398938458673681,-4940.120920686726,1.91574063219966,26.71009929952499,5.075368849505887
309,10.502927843260418,-4960.0914153286185,1.9014216740245768,26.510855418551767,5.173204658623129
310,10.607957121693023,-4980.123107831253,1.8883647692797705,26.328382298155827,5.0300607856145945
311,10.714036692909954,-5000.334945157055,1.886481996013388,26.299470431909086,5.61468792982985
312,10.821177059839053,-5020.420543998279,1.8561380827754494,25.879587334800682,6.221020121595908
313,10.929388830437444,-5040.492510652316,1.8365131816097457,25.60712536439097,5.543703523767857
314,11.03868271874182,-5060.683303389806,1.8290943993897477,25.50256569419189,4.794591660794001
315,11.149069545929239,-5080.995983019858,1.82191702602377,25.401214801374714,4.682817286056841
316,11.26056024138853,-5101.254023691038,1.7990260019854396,25.08412980826952,6.045864643041394
317,11.373165843802417,-5121.261167287246,1.759153420514746,24.533702656517008,6.258587298939668
318,11.48689750224044,-5141.235970562774,1.7389206503873416,24.253423414020492,5.211198315872545
319,11.601766477262844,-5161.318073687291,1.7309521928297162,24.141895123611324,4.579877496373601
320,11.717784142035473,-5181.4763848975435,1.7203176783176233,23.99361636055455,4.675185539541531
321,11.834961983455829,-5201.413532722475,1.6845975384459537,23.50066097288733,5.43083817504749
322,11.953311603290388,-5221.256205535498,1.6600146864371528,23.16031486359843,4.994292233007196
323,12.072844719323292,-5241.113528354781,1.6447923650919616,22.948723125244314,4.658300978063772
324,12.193573166516526,-5260.98841185249,1.6299474507017517,22.742578887927802,4.697272683693608
325,12.31550889818169,-5280.887418718496,1.6157681367875663,22.545408281119027,4.667398954114755
326,12.438663987163507,-5300.662688907067,1.589822685859039,22.187204237399953,5.968255536445133
327,12.563050627035143,-5320.140486639427,1.5504035055342562,21.64742858267192,6.421628773139595
328,12.688681133305494,-5339.558020468899,1.530303553653357,21.37175451258943,5.404225903676917
329,12.815567944638548,-5359.069026640326,1.5224456891582463,21.264273882387847,4.870202710343473
330,12.943723624084933,-5378.647246679657,1.5125647462759693,21.12896852839893,4.955354631444327
331,13.073160860325784,-5397.985677905504,1.4792467890865517,20.67235900651839,5.6492729777811554
332,13.203892468929041,-5417.22271121613,1.4569213855605414,20.36579107902069,5.216344356845698
333,13.335931393618331,-5436.47921974932,1.4439567784823737,20.187444491302557,4.888015610060784
334,13.469290707554515,-5455.762331805457,1.431635300982885,20.017976409936267,4.91170394090934
335,13.60398361463006,-5475.154203627797,1.42545539392478,19.932903311678203,5.756104639492037
336,13.740023450776361,-5494.303534841755,1.3936898494068812,19.49765743456997,6.603330285580545
337,13.877423685284125,-5513.383084486738,1.3748625161033239,19.238956443658722,5.862355528265214
338,14.016197922136966,-5532.586117411877,1.3700600570722659,19.171640970979958,5.081120555249353
339,14.156359901358336,-5551.927932375097,1.3662986175820748,19.118310186358848,4.975054633483045
340,14.297923500371919,-5571.449351344806,1.3653324532895905,19.104412122914166,5.8851195439523885
341,14.440902735375639,-5590.791985682633,1.339433876972419,18.75006566329189,6.428711143382433
342,14.585311762729395,-5610.093897369698,1.323380123857998,18.53020220583841,5.770561453503916
343,14.731164880356689,-5629.514065336219,1.3183049761675656,18.459945229029746,5.043252956859354
344,14.878476529160256,-5649.064157252266,1.3139847939224596,18.399972443134974,4.900579079816415
345,15.02726129445186,-5668.667426278119,1.3045137528211899,18.269958583032324,5.117675081793065
346,15.177533907396379,-5688.325756666028,1.295225595136415,18.14226666456518,5.0078938517628195
347,15.329309246470343,-5708.0972504947995,1.28978374112483,18.067695612907443,6.11451511738441
348,15.482602338935047,-5727.618171697916,1.260829463663584,17.672230952766395,6.905090604735871
349,15.637428362324398,-5747.0859670032905,1.2449486484798107,17.45478027849891,5.93603090164322
350,15.793802645947641,-5766.706226882524,1.2422758672539322,17.42128542754106,5.207538327508946
351,15.951740672407118,-5786.428724601991,1.2363853026762572,17.343097692058805,5.056515755144099
352,16.11125807913119,-5805.918991932318,1.2097296955085517,16.983265342162966,5.675823694296104
353,16.2723706599225,-5825.2817703013525,1.1899174849010363,16.717366179964134,5.382550612099526
354,16.435094366521728,-5844.668824383967,1.1796131893290187,16.580342203196995,4.859582312900155
355,16.599445310186944,-5864.076324816625,1.1691655998136492,16.441069177656644,4.806197836922105
356,16.765439763288814,-5883.545487877819,1.161267663483782,16.337238551102264,5.946050561261046
357,16.9330941609217,-5902.961064069474,1.1466053402373613,16.14173532962684,5.9756582378049234
358,17.10242510253092,-5922.342442722152,1.1332532396128976,15.963793787482109,5.533603296518511
359,17.273449353556227,-5941.726119479686,1.1221659531217176,15.815961407331862,5.098021078866684
360,17.44618384709179,-5961.108000259602,1.110952455264256,15.67140167778754,5.199957259216011
361,17.620645685562707,-5980.44009712644,1.0971276088182818,15.490001856958427,5.10451054513384
362,17.796852142418334,-5999.6937963725695,1.0818598194812765,15.290091471708983,5.055391980198492
363,17.974820663842518,-6018.866976867675,1.0666688059741898,15.09169080272712,4.957886637228315
364,18.154568870480944,-6037.96789896588,1.0521275517188324,14.90198082660769,4.715275570875302
365,18.336114559185752,-6056.99949764386,1.037929743324073,14.7170317583999,4.462253758787406
366,18.51947570477761,-6076.117654258204,1.0323270981916959,14.648693340351187,5.206770072807806
367,18.704670461825383,-6095.255664952248,1.0231674882004145,14.538669715600374,5.360350916338509
368,18.891717166443637,-6114.399525220305,1.0133467539977226,14.416329576349058,5.002268964101165
369,19.080634338108073,-6133.550335425566,1.0036778581838168,14.29543960598228,4.717537766728273
370,19.271440681489153,-6152.7003006890745,0.9936966094030116,14.177599516729423,4.945616737802444
371,19.464155088304047,-6171.811650040396,0.9818740790246969,14.031542043711697,4.78870344246061
372,19.658796639187088,-6190.862703994048,0.969085458449516,13.872351490712711,4.679602437264076
373,19.85538460557896,-6209.847888203926,0.9561730778332499,13.711201680829555,4.574142346234918
374,20.05393845163475,-6228.767860961122,0.9434542148828465,13.551419133495823,4.408050483059928
375,20.254477836151096,-6247.622371598449,0.930881101445879,13.392534851482438,4.171302671120036
376,20.457022614512606,-6266.408632929703,0.9183282281715496,13.233270571471525,4.017983130082583
377,20.661592840657732,-6285.1253416412255,0.9058695936885172,13.07492311869036,3.885086523360715
378,20.86820876906431,-6303.773629304899,0.8936218661621241,12.91893566839256,3.7990736842534716
379,21.076890856754954,-6322.356184136969,0.8816554091571854,12.766061583043578,3.7430856216946
380,21.287659765322502,-6340.893135538104,0.8707839004140149,12.639114838628128,4.294736173217666
381,21.500536362975726,-6359.377835124731,0.8597320213115833,12.504963775113072,4.165508938349029
382,21.715541726605483,-6377.809845990559,0.8487935091781472,12.371627672699134,4.071381619013547
383,21.93269714387154,-6396.189974122816,0.8380240702585815,12.239956031312337,4.01493236035434
384,22.152024115310255,-6414.518887515973,0.8274148356714037,12.10885762668295,3.9455766953845335
385,22.373544356463356,-6432.973668496245,0.8248483425889858,12.07876793584158,4.437498907004212
386,22.59727980002799,-6451.5014921374905,0.8199138925217359,12.033740328215503,5.137711226648559
387,22.823252598028272,-6470.078510150487,0.8139513828367542,11.96704332590217,4.768430903969781
388,23.051485124008554,-6488.697542365252,0.8077150827638304,11.893425046394562,4.48461627757344
389,23.281999975248638,-6507.332942277295,0.8004209231102383,11.804184321818425,4.333827960589918
390,23.514819975001124,-6525.981484158165,0.7930548437408379,11.710923404512737,4.218206936744159
391,23.749968174751135,-6544.63288716293,0.7853232841212575,11.610456617375853,4.182507851258516
392,23.987467856498647,-6563.264205763581,0.7767105186802833,11.497449357103555,4.175184826229291
393,24.227342535063634,-6581.841917245863,0.7668076453451057,11.367766779352891,4.1825877816977
394,24.46961596041427,-6600.365356837049,0.7569975606135585,11.238371392279126,4.1864452512116825
395,24.714312120018413,-6618.846337706475,0.7477845541353964,11.115364374409749,4.218007693816323
396,24.961455241218598,-6637.468671593188,0.7460435982898694,11.08241350977856,4.510817463711521
397,25.211069793630784,-6656.177047908058,0.7420699108768539,11.04416576346255,5.645874534105057
398,25.211069793630784,-6674.769660974834,0.7374781482487496,10.992513826601032,5.265622788393093
399,25.463180491567094,-6693.411096499492,0.7320937590978757,10.925215837707583,5.024284430497568
400,25.717812296482766,-6712.0752168741155,0.7257273736761384,10.842166265113043,4.909935245323946
401,25.974990419447593,-6730.728168886449,0.7181119881517589,10.740915213080845,4.898591054019297
402,26.234740323642068,-6749.343909314353,0.7095835597474901,10.626367209495651,4.9253952315679665
403,26.49708772687849,-6767.91148909974,0.700740397464652,10.506540634873035,4.942569722590796
404,26.762058604147274,-6786.429438983268,0.6919478862757898,10.386321194909854,4.950033605791457
405,27.029679190188748,-6804.927326814516,0.6843546940048126,10.278888150445564,4.918520632324617
406,27.299975982090636,-6823.417647190938,0.6773017085638243,10.176275855873142,4.919938291646553
407,27.57297574191154,-6841.910000070259,0.670669464638585,10.077495131378752,4.93169276896096
408,27.848705499330656,-6860.415800830408,0.6645120636072943,9.983601068192518,4.933457028349483
409,28.127192554323962,-6879.00073755141,0.660746239963569,9.948010358372654,6.470117626405713
410,28.127192554323962,-6897.486851577873,0.6572328180552967,9.90730973454859,6.138975845625926
411,28.127192554323962,-6915.879171033743,0.6538981599513071,9.864437923917947,5.884201558510918
412,28.127192554323962,-6934.184227500198,0.6507957177419944,9.821596354668495,5.687745691792306
413,28.127192554323962,-6952.410847813517,0.6480070941354605,9.780427688107725,5.528998777815469
414,28.127192554323962,-6970.568082922051,0.6455402569405649,9.741638155354751,5.391755564605695
415,28.127192554323962,-6988.663263458031,0.6433340441293963,9.70510570600389,5.26974067529565
416,28.127192554323962,-7006.701751757526,0.6413184772940128,9.670421350727368,5.163419153487212
417,28.127192554323962,-7024.687782881319,0.6394534786597436,9.637328560565962,5.0728876762210575
418,28.127192554323962,-7042.625231660065,0.6377262410423903,9.605800710470408,4.994788422890269
419,28.127192554323962,-7060.517845685971,0.636132240761275,9.575900907891802,4.924338044500852
420,28.127192554323962,-7078.368924020774,0.63465553130923,9.547491126432885,4.855626447047737
421,28.127192554323962,-7096.181817321843,0.6332979470548988,9.52080648868227,4.798099015802024
422,28.127192554323962,-7113.959276081405,0.6320381504562546,9.495601680763707,4.745628224030558
423,28.408464479867202,-7131.856944381343,0.6300118161127894,9.457336719506898,4.73614220866721
424,28.408464479867202,-7149.707309127868,0.6283466943163306,9.425137102339162,4.681349497077353
425,28.692549124665874,-7167.667335996607,0.6259474120163476,9.381220615165969,4.681078992754239
426,28.979474615912533,-7185.723222080724,0.6230577442630337,9.329734869925984,4.679211653025747
427,28.979474615912533,-7203.708532124389,0.6206223640019927,9.286641727439333,4.628726697431159
428,29.269269362071658,-7221.782597254779,0.6175099523943471,9.233176620347125,4.632168629164637
429,29.269269362071658,-7239.778922356789,0.6148539233894971,9.187834053553901,4.581587895786103
430,29.561962055692373,-7257.860038623766,0.6116345130579668,9.13354434104904,4.590801680457145
431,29.561962055692373,-7275.861166936239,0.6089287402020945,9.088071071744988,4.545636228896811
432,29.561962055692373,-7293.791387654238,0.6065301309913437,9.048291870955044,4.527954319251888
433,29.561962055692373,-7311.656828815853,0.6043388164817237,9.01219741951383,4.503300746947794
434,29.857581676249296,-7329.617978513749,0.6015607657931595,8.96609311104102,4.524186382523967
435,29.857581676249296,-7347.511628982614,0.599300059291061,8.92813109460752,4.483865657717305
436,29.857581676249296,-7365.344729447341,0.5972720985273846,8.894315758364431,4.4648028186141175
437,29.857581676249296,-7383.121238152973,0.5953767086158299,8.863112550868923,4.45304504026509
438,29.857581676249296,-7400.845821887898,0.5936376203242332,8.834340135243421,4.427174163805373
439,29.857581676249296,-7418.524418956181,0.5920974196762445,8.80834083888454,4.39972123092115
440,30.15615749301179,-7436.314736367881,0.5899397964022832,8.771806208257665,4.428356673562134
441,30.15615749301179,-7454.051823535581,0.5881746429997445,8.741583168318172,4.393216660264752
442,30.15615749301179,-7471.739016065819,0.5865201007237739,8.713619820533543,4.368022117045944
443,30.15615749301179,-7489.378261505471,0.5849301405107324,8.687075880447198,4.345711485478965
444,30.15615749301179,-7506.973966926468,0.5834863219916181,8.662814391012047,4.321948388942076
445,30.45771906794191,-7524.683357701985,0.581441792670393,8.628352520715872,4.347355939370771
446,30.45771906794191,-7542.343346637469,0.5798198117229723,8.600580483994722,4.313795567438702
447,30.45771906794191,-7559.956893083865,0.5782949933677691,8.574727803372545,4.280835818426624
448,30.76229625862133,-7577.67645910211,0.5760157131729361,8.536937826248161,4.3023217775130975
449,30.76229625862133,-7595.338362171165,0.5741412448722968,8.505814990531123,4.26932343119337
450,30.76229625862133,-7612.951023109809,0.5725405148748719,8.479684760089881,4.282712553725478
451,30.76229625862133,-7630.518835258645,0.5710826006336186,8.45605824063427,4.276074938000742
452,30.76229625862133,-7648.0457344914685,0.5697526311259379,8.434246362020886,4.257595310184897
453,30.76229625862133,-7665.536086994066,0.5685645946438311,8.41431469170435,4.238843667065488
454,30.76229625862133,-7682.993706019392,0.5675005168196746,8.396066769364685,4.220267714221676
455,30.76229625862133,-7700.421343183995,0.5665258866920649,8.379103846477479,4.201787810746405
456,30.76229625862133,-7717.821106227217,0.5656197735352143,8.363173602616415,4.184662704296881
457,30.76229625862133,-7735.194814582166,0.5647728052836938,8.34808196154472,4.1646228483224155
458,31.06991922120754,-7752.694579388852,0.5632381816666742,8.321851919120776,4.205336200489747
459,31.06991922120754,-7770.156750362447,0.5620282064228102,8.300782316070904,4.175813185483781
460,31.06991922120754,-7787.58400328859,0.5609043526011648,8.281502870303854,4.160681108844479
461,31.06991922120754,-7804.978880212053,0.5598623156892423,8.264255491656744,4.181915681112511
462,31.06991922120754,-7822.344488236991,0.5589202823895747,8.24860458290365,4.175264627414268
463,31.06991922120754,-7839.684937147307,0.5581105244225754,8.234689214038422,4.164027779947852
464,31.06991922120754,-7857.003173407877,0.5573955998169151,8.221905983650357,4.147697946400382
465,31.06991922120754,-7874.302212954168,0.5567777445164502,8.210836480805268,4.154411939380221
466,31.06991922120754,-7891.583792634953,0.5562157905125971,8.200807088508267,4.157923071331774
467,31.06991922120754,-7908.84878251518,0.5556818399593165,8.191075620479353,4.14819487649068
468,31.06991922120754,-7926.097524975623,0.5551589090926564,8.18118990451971,4.127498822369472
469,31.06991922120754,-7943.330650591601,0.5546562735900162,8.171376398750644,4.107314188167231
470,31.06991922120754,-7960.548710882235,0.55417138899036,8.161727229926905,4.088075600984072
471,31.06991922120754,-7977.752127183586,0.5537000652903318,8.152250077844728,4.069528447529474
472,31.38061841341962,-7995.0906546080105,0.5525234460328597,8.131661664748732,4.120668183719325
473,31.38061841341962,-8012.400806914921,0.5516192217394087,8.11535210501017,4.090525168485432
474,31.38061841341962,-8029.684231989601,0.5507675102824163,8.10024314004309,4.076914635352735
475,31.38061841341962,-8046.944879984425,0.550041677554752,8.088293487796296,4.145155050967237
476,31.38061841341962,-8064.185246642584,0.549395376184996,8.077617355448009,4.151557944860595
477,31.38061841341962,-8081.4082982914515,0.548843602186702,8.067871635949565,4.143208689288064
478,31.38061841341962,-8098.616212777432,0.5483612291917682,8.058730007230638,4.1355641501469576
479,31.38061841341962,-8115.809850173253,0.5479062639653444,8.049833841690456,4.126842725408879
480,31.38061841341962,-8132.989667027527,0.5474658474840207,8.041163006532457,4.1174871854599004
481,31.38061841341962,-8150.15850909733,0.5471161161840796,8.034216645842545,4.132310320849772
482,31.38061841341962,-8167.317961996636,0.5468169133329494,8.028027217892236,4.134190875064213
483,31.38061841341962,-8184.4687880964675,0.5465420048094605,8.021965257271043,4.126599698260802
484,31.38061841341962,-8201.61141693518,0.5462807843002498,8.015898504220093,4.1180541880344865
485,31.38061841341962,-8218.746253227304,0.5460324607496464,8.009958142587879,4.111233792307016
486,31.38061841341962,-8235.874187883886,0.5458125276862493,8.004554838188906,4.113352292099932
487,31.38061841341962,-8252.995403202034,0.5455984038487166,7.999365880851565,4.113528265152299
488,31.38061841341962,-8270.109354305287,0.5453669165402776,7.9939753004153316,4.111143351469614
489,31.38061841341962,-8287.216328348508,0.545144579939241,7.988630418599465,4.1040950190683185
490,31.38061841341962,-8304.317358102233,0.544955154434191,7.983610887631675,4.089248909135986
491,31.38061841341962,-8321.413350896144,0.5447946426256208,7.978904751614089,4.07391865131374
492,31.38061841341962,-8338.504573200336,0.544642622367382,7.974303727197892,4.062672954102146
493,31.38061841341962,-8355.590808877167,0.544483714493108,7.969646087519684,4.055172990007663
494,31.38061841341962,-8372.671854687755,0.5443183300454336,7.964949253124555,4.048519794089895
495,31.38061841341962,-8389.7478679142,0.5441579576758644,7.960324486863544,4.036696105410753
496,31.38061841341962,-8406.819109141012,0.5440058893009853,7.955754878123737,4.018176045875064
497,31.38061841341962,-8423.885827485812,0.5438617595089162,7.951249689721397,4.000362639883408
498,31.38061841341962,-8440.947966455302,0.5437158294559211,7.9466924512182,3.984889390579838
499,31.38061841341962,-8458.005290433211,0.5435623910653388,7.942028051677867,3.972148183000448
500,31.38061841341962,-8475.057668408366,0.5434047777676706,7.937317023204079,3.960440261502353
501,31.694424597553816,-8492.254400185884,0.5425790812066822,7.922529998546763,4.039503840239724
502,31.694424597553816,-8509.432602616622,0.5419944564024307,7.91138492615591,4.009129040982577
503,31.694424597553816,-8526.592465475802,0.5414158192512302,7.900452331292457,3.986248310256248
504,31.694424597553816,-8543.733016834176,0.5408065164778944,7.889239844369391,3.9688080321260926
505,31.694424597553816,-8560.855922717697,0.5402497789734625,7.878905955541548,3.9537102214334867
506,31.694424597553816,-8577.964502021225,0.5397977568853579,7.8701216465289745,3.939350360400044
507,31.694424597553816,-8595.061278785346,0.5394253715348463,7.862499567909057,3.925643422097881
508,32.011368843529354,-8612.296574734906,0.5384117134698084,7.845257860924647,4.00665925375914
509,32.011368843529354,-8629.507156743019,0.537639677085867,7.831719296321523,3.9770149153697276
510,32.011368843529354,-8646.693583638305,0.5368850978943182,7.8186000433025,3.9563250288490703
511,32.011368843529354,-8663.855775115868,0.536128010065709,7.805607383201365,3.940309260426381
512,32.011368843529354,-8680.99634024476,0.53545242668861,7.793890335599762,3.925304143406148
513,32.011368843529354,-8698.119183645334,0.5348988193624032,7.783960857259464,3.9107948732498548
514,32.011368843529354,-8715.227082508662,0.5344319684342984,7.775301108189638,3.897680697777146
515,32.011368843529354,-8732.321146765888,0.5339997905363135,7.767193519989055,3.886236170905024
516,32.011368843529354,-8749.401699773101,0.5335777139273584,7.759319151300797,3.8762153253200657
517,32.331482531964646,-8766.618570046912,0.5325110055435244,7.7418297692048315,3.9608953246497327
518,32.331482531964646,-8783.809820804132,0.5317186040022489,7.728445196861378,3.932312118434786
519,32.331482531964646,-8800.976788471915,0.5309675376256365,7.715759165058264,3.9120594071695938
520,32.331482531964646,-8818.119312460072,0.5302115042577373,7.703141045801017,3.8968693927151743
521,32.331482531964646,-8835.239589763356,0.5295234230709166,7.691608980584842,3.883279125064751
522,32.331482531964646,-8852.341367715193,0.5289512454287119,7.681779957595998,3.8704261244446867
523,32.331482531964646,-8869.427603388747,0.528470528892861,7.673274092413468,3.858645291688316
524,32.331482531964646,-8886.499662848708,0.5280320641986557,7.665406017237302,3.8479281344667684
525,32.331482531964646,-8903.558164835733,0.5276127369093081,7.657863664271149,3.8380901253552455
526,32.331482531964646,-8920.603928688039,0.5272187514276686,7.650727118012664,3.828881598002114
527,32.331482531964646,-8937.638109052796,0.5268604787273949,7.644124402843751,3.820072422497039
528,32.654797357284295,-8954.810352204086,0.5258719863854092,7.628102854586886,3.9045244002288273
529,32.654797357284295,-8971.958738732026,0.5251414161392011,7.615936375076639,3.877776254310855
530,32.654797357284295,-8989.083930085595,0.5244311016906684,7.604180508405847,3.8598704272470217
531,32.654797357284295,-9006.185475062746,0.5237069699144755,7.592364753437464,3.8464982562694763
532,32.654797357284295,-9023.265666749649,0.5230530601682296,7.581645592431124,3.8339598578936274
533,32.654797357284295,-9040.328390109802,0.5225181211037463,7.5726497957594505,3.821769528067501
534,32.654797357284295,-9057.37655980494,0.5220724388091944,7.564933952658006,3.8108465902321322
535,32.654797357284295,-9074.41137087832,0.5216633527686317,7.557772760600097,3.8013968826364892
536,32.654797357284295,-9091.433300385776,0.5212688757861209,7.550870410883392,3.792909581370116
537,32.654797357284295,-9108.443127500906,0.5208982597265016,7.544345631902654,3.784795140877451
538,32.654797357284295,-9125.442023621825,0.5205635158267173,7.538346926179669,3.7768087762820777
539,32.654797357284295,-9142.431093441937,0.5202626013639335,7.532837387617367,3.769005633363328
540,32.654797357284295,-9159.411088814004,0.5199847111677496,7.527670015299915,3.7614773116708817
541,32.98134533085714,-9176.53043137281,0.5190613780932748,7.512909722491004,3.8459285591029917
542,32.98134533085714,-9193.627448297522,0.5183844610703601,7.501828102517853,3.820860609461231
543,32.98134533085714,-9210.702770911748,0.5177266858866931,7.49112664573462,3.8045486107339683
544,32.98134533085714,-9227.755959860331,0.5170555893795942,7.480355066655772,3.7925530777060827
545,32.98134533085714,-9244.789224036404,0.5164514668884254,7.470620767405694,3.7811759398420905
546,32.98134533085714,-9261.806302967538,0.5159607275090121,7.462523143812767,3.770034642854999
547,32.98134533085714,-9278.809988599423,0.5155546403977896,7.455634549397643,3.7601733964542308
548,32.98134533085714,-9295.801402323472,0.5151825540648848,7.449256772503635,3.7518419554694096
549,32.98134533085714,-9312.780970009588,0.5148233801799631,7.443105809942737,3.7444551275453968
550,32.98134533085714,-9329.74941520652,0.5144861444163271,7.437298007007726,3.7373441711127358
551,32.98134533085714,-9346.707848037311,0.514182567771716,7.431979050944745,3.7302726251224265
552,32.98134533085714,-9363.657315779628,0.5139107447647068,7.427114554071061,3.723359909074606
553,32.98134533085714,-9380.5985205435,0.5136602098526322,7.422562295159944,3.7167438293260395
554,32.98134533085714,-9397.531914768086,0.5134233929730633,7.418221497959537,3.710409610741329
555,32.98134533085714,-9414.45792148231,0.5131994024024303,7.41407879052016,3.7042367968152896
556,33.31115878416571,-9431.524330045986,0.5123330795621639,7.400411705152584,3.7885191002116554
557,33.31115878416571,-9448.570064220761,0.5117124350197275,7.390387704073974,3.7646822765438337
558,33.31115878416571,-9465.595653103976,0.5111076739638097,7.380685835122375,3.7495789646244755
559,33.31115878416571,-9482.60047258356,0.510484177082133,7.370829901085907,3.7387943512289317
560,33.31115878416571,-9499.586592856149,0.5099228274418853,7.361935511210058,3.728553572104753
561,33.31115878416571,-9516.557693688526,0.5094719442916907,7.354628676393687,3.718429962030704
562,33.31115878416571,-9533.516534364091,0.509103894747381,7.348497570181258,3.709499383327161
563,33.31115878416571,-9550.46418181158,0.5087678743719842,7.34284249872409,3.702059265759424
564,33.31115878416571,-9567.400984496491,0.5084423149206629,7.337373583566495,3.695556081798311
565,33.31115878416571,-9584.327591727404,0.5081362476936278,7.332208152091983,3.689324653339008
566,33.31115878416571,-9601.245057530867,0.5078618223123432,7.327498504761102,3.683111603719537
567,33.31115878416571,-9618.154386441682,0.5076175530360959,7.323216270646552,3.677020646400003
568,33.31115878416571,-9635.05623982834,0.5073931380223052,7.319221449946101,3.671187565157068
569,33.31115878416571,-9651.951026915402,0.5071810079178475,7.315413347817266,3.6656105726856993
570,33.31115878416571,-9668.83912794951,0.5069802928060897,7.311779187412616,3.6601847332351736
571,33.31115878416571,-9685.72098551717,0.5067928641282565,7.308340950544582,3.6548119770273173
572,33.31115878416571,-9702.597046848143,0.506618861274707,7.3050978553228045,3.6494669490595633
573,33.64427037200737,-9719.61441389219,0.5058028263321684,7.292360947014137,3.733361623826445
574,33.64427037200737,-9736.612367840118,0.5052258158664892,7.283160401433315,3.7106534350190996
575,33.64427037200737,-9753.59130088956,0.5046604625901447,7.274216378576094,3.6966884605049275
576,33.64427037200737,-9770.550520021883,0.5040745108989211,7.265083618355565,3.6869247268719523
577,33.64427037200737,-9787.492069488982,0.5035493199814778,7.256883211469594,3.677528329066789
578,33.64427037200737,-9804.41959680329,0.5031325431384861,7.250234236690229,3.6681457518608362
579,33.64427037200737,-9821.335804191744,0.5027960838921554,7.2447208511843275,3.659953234534146
580,33.64427037200737,-9838.241691270701,0.5024893359857687,7.239646608618699,3.653281207373575
581,33.64427037200737,-9855.137548770641,0.5021912293868191,7.234728163319621,3.647539914204452
582,33.64427037200737,-9872.023983211699,0.5019111502297968,7.230087905901486,3.642020019609071
583,33.64427037200737,-9888.902013386576,0.5016613523865693,7.225880263852379,3.636465069876785
584,33.64427037200737,-9905.772607938105,0.5014403452649215,7.222077349461087,3.6310085481938
585,33.64427037200737,-9922.636389982225,0.5012378588585178,7.218539763946736,3.6258111774345188
586,33.64427037200737,-9939.493731477514,0.5010464280811501,7.2151682672647945,3.6208701784227273
587,33.64427037200737,-9956.344979652431,0.5008653178859911,7.211952049162337,3.6160638470074002
588,33.64427037200737,-9973.190548607074,0.5006965158814666,7.2089148779395975,3.6112834690470517
589,33.64427037200737,-9990.03085973987,0.5005402389944684,7.206057195696891,3.6065081883419308
590,33.64427037200737,-10006.866285448757,0.5003950307954037,7.203364234071152,3.60231025722345
591,33.64427037200737,-10023.697075726823,0.5002572530765015,7.200775253076925,3.597200520572085
592,33.980713075727444,-10040.669641614131,0.4994764485807897,7.188705452796753,3.6806801847094657
593,33.980713075727444,-10057.623699996393,0.4989318012390464,7.180119869442466,3.658918464280946
594,33.980713075727444,-10074.559625360143,0.4983981744588004,7.171774845975721,3.6457857105776172
595,33.980713075727444,-10091.476687253371,0.4978430516019365,7.163221139257729,3.6367551327540144
596,33.980713075727444,-10108.376880985892,0.497346647636794,7.155564212566094,3.6279953014955924
597,33.980713075727444,-10125.2638103896,0.4969562988885716,7.149420873148694,3.6192062078290563
598,33.980713075727444,-10142.1401428123,0.4966444460742108,7.144384140196925,3.6116070861105016
599,33.980713075727444,-10159.006845200971,0.49636104901860484,7.139765257465698,3.605520929545484
600,33.980713075727444,-10175.86417364628,0.4960851883167423,7.135282603373639,3.600333254912582
601,33.980713075727444,-10192.712699964735,0.49582615529313667,7.131057688613422,3.5953322536892585
602,33.980713075727444,-10209.55341121803,0.49559616997339956,7.1272453043469355,3.5902809666709112
603,33.980713075727444,-10226.387248214915,0.49539387120468165,7.123819981913264,3.585344767097811
604,33.980713075727444,-10243.214806447808,0.49520909686029446,7.120643429304966,3.580631137095727
605,33.980713075727444,-10260.036432247603,0.4950345144994594,7.117618277033243,3.5761717315594366
606,33.980713075727444,-10276.852448822263,0.49486944365148106,7.114734565455406,3.5718243914896295
607,33.980713075727444,-10293.663248179162,0.49471590897561996,7.1120168108398225,3.5674896682242103
608,33.980713075727444,-10310.469231160598,0.4945741704707886,7.109466234253088,3.563156372973776
609,33.980713075727444,-10327.270729702634,0.4944422003327292,7.107054900952954,3.5588689480954816
610,33.980713075727444,-10344.067998415367,0.49431772297708726,7.104752341480468,3.554657857096552
611,33.980713075727444,-10360.860902863487,0.49418928939766893,7.102348269583296,3.544791642479341
612,34.320520206484716,-10377.795080254558,0.49341260823526767,7.090374297910169,3.6217162738395317
613,34.320520206484716,-10394.710447027597,0.4928645216118499,7.081728135417015,3.59523248725102
614,34.320520206484716,-10411.607171060517,0.4923213264619055,7.073193365713155,3.578296374876111
615,34.320520206484716,-10428.484355969236,0.49175201329058466,7.064350528905047,3.5660688583655866
616,34.320520206484716,-10445.34392159446,0.491238638685835,7.056341398193266,3.5544901077104663
617,34.320520206484716,-10462.189464468158,0.4908300565478257,7.049812236930015,3.5431600054056416
618,34.320520206484716,-10479.023662924328,0.49049951326173286,7.044372075008242,3.5333078922421293
619,34.320520206484716,-10495.847485230746,0.49019718247850963,7.03933756704137,3.525203322947609
620,34.320520206484716,-10512.661186230565,0.4899022770827144,7.034431459257573,3.5182042344372113
621,34.320520206484716,-10529.465349073924,0.489624362983389,7.029781981413104,3.5115559033227126
622,34.66372540854956,-10546.406583578724,0.4887309227478793,7.016080340672766,3.593060143147949
623,34.66372540854956,-10563.325741098894,0.4880940326165167,7.0061274621928575,3.5688569597165665
624,34.66372540854956,-10580.22363306791,0.48748055120614336,6.996582434861207,3.554298756498636
625,34.66372540854956,-10597.099713342566,0.48685131432792744,6.986909157106923,3.5441683764243876
626,34.66372540854956,-10613.956189212315,0.4862857546635848,6.978202582313974,3.534193958168601
627,34.66372540854956,-10630.79695390575,0.4858325091994405,6.971094900665139,3.523788448379682
628,34.66372540854956,-10647.624220696784,0.48544311359219866,6.964836319058553,3.50714326681839
629,34.66372540854956,-10664.438774095752,0.4850763500111804,6.958880093653189,3.4931154426350273
630,34.66372540854956,-10681.240700250963,0.4847120716882419,6.952956676092771,3.4811791314559364
631,34.66372540854956,-10698.030423915225,0.48436004688991274,6.947197845071702,3.4705066275352836
632,35.01036266263505,-10714.954192714891,0.48339313027825476,6.932392933762032,3.5478905577815936
633,35.01036266263505,-10731.85316138634,0.48268476491616,6.921346814062997,3.5206732761400215
634,35.01036266263505,-10748.728330863083,0.48200498919002754,6.910770045723778,3.503413940915844
635,35.01036266263505,-10765.579329784636,0.4813146063048246,6.900126537245337,3.4907375445216733
636,35.01036266263505,-10782.40853375652,0.4806920777728981,6.890500618656449,3.4786985681507145
637,35.01036266263505,-10799.22003242813,0.48018636178114243,6.8825334971927425,3.4667997830154156
638,35.01036266263505,-10816.0169925104,0.4797710964644426,6.875837649125771,3.45643550027836
639,35.01036266263505,-10832.800786870264,0.47939504430723695,6.869709178518215,3.447848118418835
640,35.01036266263505,-10849.571975223183,0.4790349792867365,6.863834721949153,3.4402617428944993
641,35.01036266263505,-10866.331399768986,0.47869896999634176,6.858321787981306,3.433172089554106
642,35.01036266263505,-10883.080309980915,0.4783986493748642,6.853316107651598,3.4259200790842352
643,35.3604662892614,-10899.964624872404,0.4774912964487758,6.83940636637514,3.503765837775622
644,35.3604662892614,-10916.825350616002,0.47682419133472465,6.828959014034692,3.472872367715341
645,35.3604662892614,-10933.66303996637,0.47617271821679,6.818778408736231,3.452280515123792
646,35.3604662892614,-10950.47711267566,0.4755048355907013,6.808422437688412,3.436837508802841
647,35.3604662892614,-10967.269862781905,0.47490182875071835,6.799009949475463,3.4222684280550624
648,35.3604662892614,-10984.045300514235,0.47441223187216663,6.7911862907481035,3.4083380923011357
649,35.3604662892614,-11000.806464295516,0.47400856210917713,6.784558445480626,3.3961217230610607
650,35.3604662892614,-11017.554595431182,0.47363999667476536,6.778433570403717,3.3858572731979346
651,35.71407095215402,-11034.434744796587,0.4726470244184206,6.7632078344813324,3.4627482547802626
652,35.71407095215402,-11051.28833163096,0.47190326907720487,6.751631008002869,3.436628091367003
653,35.71407095215402,-11068.116823630538,0.4712006094773847,6.740704259937652,3.419659673820273
654,35.71407095215402,-11084.920515977481,0.47050621502826573,6.729971493032261,3.4070917217663923
655,35.71407095215402,-11101.702138906876,0.4698882676206148,6.720375112458483,3.394984528517062
656,35.71407095215402,-11118.465800403379,0.46938534447572877,6.712420222632378,3.383197216215618
657,35.71407095215402,-11135.214601891705,0.4689692617445315,6.705695438316219,3.372911584614655
658,35.71407095215402,-11151.949944174505,0.4685924017237324,6.699542162431891,3.3642110134594825
659,35.71407095215402,-11168.672499932787,0.468234376884251,6.693684942959112,3.3566201364386257
660,35.71407095215402,-11185.383193115342,0.46790222276647686,6.688215264262651,3.349278536244544
661,35.71407095215402,-11202.083299968546,0.46760580376233646,6.683258519364244,3.3420414903517113
662,35.71407095215402,-11218.774011731306,0.4673427396480101,6.6787763544017595,3.335046862884229
663,36.071211661675555,-11235.600104786228,0.4664687511119945,6.665393056670067,3.412184542155375
664,36.071211661675555,-11252.40337193612,0.46583594993977706,6.655531883928206,3.3886429984847455
665,36.071211661675555,-11269.1845840851,0.46522452049492086,6.646050730226784,3.374207477422017
666,36.071211661675555,-11285.943425428164,0.46460433600770434,6.636530074725612,3.3636852138010775
667,36.071211661675555,-11302.682392844923,0.4640533723613918,6.6280424231395685,3.35337430763328
668,36.071211661675555,-11319.405563522183,0.4636154403159502,6.621162082529567,3.3431120051130434
669,36.071211661675555,-11336.115950230065,0.46326103111288086,6.6154605315051525,3.334170227314804
670,36.071211661675555,-11352.814747546361,0.4629397391172298,6.610243947505748,3.326834294069153
671,36.071211661675555,-11369.50239483423,0.46263062755941453,6.60522890972048,3.320445079785573
672,36.071211661675555,-11386.17965448236,0.46234265165670285,6.600533160295729,3.3142861039881457
673,36.071211661675555,-11402.847708818734,0.46208745336055673,6.5963058825270995,3.3081284352688267
674,36.071211661675555,-11419.50767109022,0.46186311753937437,6.592515218858446,3.3021447933914043
675,36.071211661675555,-11436.160273293237,0.4616590748103748,6.589016946452594,3.296442720659654
676,36.071211661675555,-11452.805971793603,0.4614676838830194,6.585708682770857,3.2910457012976506
677,36.43192377829231,-11469.58859624206,0.46065710256179854,6.5734068820744245,3.3680076590497285
678,36.43192377829231,-11486.350368462234,0.4600847411235089,6.564571992451689,3.346041300939939
679,36.43192377829231,-11503.091900831017,0.4595291884850666,6.556022654886337,3.330155543760714
680,36.43192377829231,-11519.812372881299,0.4589511152919894,6.547185150995142,3.31369409115614
681,36.43192377829231,-11536.513841190967,0.4584294919836758,6.539162285522153,3.2984164566893175
682,36.43192377829231,-11553.200018221898,0.45800977001597004,6.532553016453917,3.284101951656135
683,36.43192377829231,-11569.873661150115,0.4576657282683995,6.526978320348746,3.271812278661777
684,36.43192377829231,-11586.535803930698,0.457350066990115,6.521795837128454,3.261583594661771
685,36.43192377829231,-11603.186776339462,0.4570434575483289,6.516752998264897,3.2526419310914565
686,36.79624301607523,-11619.97050600742,0.4561261773552636,6.502849056993861,3.327067181278464
687,36.79624301607523,-11636.729858307344,0.4554636812406905,6.492630958471583,3.3016319998483286
688,36.79624301607523,-11653.466186898195,0.4548379730923735,6.482986928388589,3.2857028935547428
689,36.79624301607523,-11670.179336299298,0.45420803949457267,6.473354332053633,3.2741653839327527
690,36.79624301607523,-11686.87172767045,0.4536439050005172,6.464701705729953,3.2630245256031967
691,36.79624301607523,-11703.54743102508,0.453190379988988,6.45762011756234,3.2519859731771814
692,36.79624301607523,-11720.209595763763,0.4528224452536553,6.451742511315505,3.2422929879900146
693,36.79624301607523,-11736.859579666896,0.45249141049153624,6.4463975890979315,3.234242187794498
694,36.79624301607523,-11753.497908546582,0.4521746655607321,6.441279704319773,3.227216162214202
695,36.79624301607523,-11770.12536140217,0.4518790912518642,6.436480234012585,3.2205166370123863
696,36.79624301607523,-11786.74312990764,0.45161590269458046,6.432144085670636,3.2138901319707713
697,37.16420544623598,-11803.495181165881,0.4507576862493492,6.419177784190859,3.289075956726673
698,37.16420544623598,-11820.224439102394,0.45014437240470734,6.409759845088314,3.26592412625847
699,37.16420544623598,-11836.931707444506,0.44955268494246686,6.400715727086808,3.252124791876508
700,37.16420544623598,-11853.616583628915,0.448950165463446,6.391596592955999,3.2423359888502747
701,37.16420544623598,-11870.281575053647,0.4484151140765598,6.383478100062071,3.2325416725325264
702,37.16420544623598,-11886.930874008858,0.4479928672037233,6.376956716642986,3.222628342858637
703,37.16420544623598,-11903.567597109768,0.44765448100266264,6.3716136084162445,3.21402511261391
704,37.16420544623598,-11920.192960792201,0.4473488261839427,6.366745619691262,3.2070649819205532
705,37.16420544623598,-11936.807372407995,0.4470541322302602,6.36205815021743,3.2010887694109473
706,37.16420544623598,-11953.411568778278,0.4467792643732012,6.357668527961176,3.1953454408239486
707,37.16420544623598,-11970.006736505626,0.4465363251571109,6.353733221055417,3.18957924667064
708,37.16420544623598,-11986.594003892462,0.44632374586444296,6.350225347220741,3.1839420988811633
709,37.16420544623598,-12003.174107232777,0.44613097848397465,6.34700114053654,3.1786051191790703
710,37.16420544623598,-12019.747491185255,0.44595017580717383,6.343955217711423,3.173568306471295
711,37.16420544623598,-12036.314564131566,0.4457803617052392,6.341073763951409,3.168708175827435
712,37.535847500698345,-12053.018041701567,0.4450006775441114,6.329377392609942,3.243628110377179
713,37.535847500698345,-12069.701102569468,0.44445675211098895,6.32109155548951,3.222360426797499
714,37.535847500698345,-12086.364476669572,0.44393227300380644,6.313139419253844,3.2098552093971207
715,37.535847500698345,-12103.007640491682,0.44339384695659456,6.305060234993214,3.201246408378426
716,37.535847500698345,-12119.632882099926,0.4429163776822533,6.297885275170565,3.192702981106225
717,37.535847500698345,-12136.244166152252,0.44254453165126456,6.292204368179815,3.1840577583133873
718,37.535847500698345,-12152.844447060139,0.44225139468558633,6.287627106213393,3.176616124541977
719,37.535847500698345,-12169.43483663709,0.44198787776487153,6.283477551017737,3.170687537353571
720,37.535847500698345,-12186.015649078761,0.4417327313940194,6.27946790746852,3.1656566363467955
721,37.535847500698345,-12202.587516074678,0.4414944139894616,6.275710733423917,3.1608409208221118
722,37.535847500698345,-12219.151515613099,0.4412848154850128,6.272360495940583,3.1559917029638296
723,37.535847500698345,-12235.708681054492,0.44110274694306284,6.26939588557254,3.1512530560877523
724,37.535847500698345,-12252.25967166275,0.44093824198184756,6.266680952619884,3.1467750903451597
725,37.535847500698345,-12268.804865814003,0.44078381741465283,6.26411515940213,3.1425529928758036
726,37.535847500698345,-12285.344608616406,0.4406385869428369,6.261685991323077,3.1384672055934613
727,37.535847500698345,-12301.879319450309,0.4405045292661565,6.259418420563309,3.1344293988969985
728,37.535847500698345,-12318.409430503014,0.44038198557779573,6.257315448232219,3.130418474866476
729,37.535847500698345,-12334.935300227311,0.4402689915018334,6.255349928274619,3.1264685138312283
730,37.91120597570533,-12351.598929010504,0.43954362184798446,6.244550155632387,3.2008922102506636
731,37.91120597570533,-12368.24369769509,0.43904614100812317,6.237043754036808,3.1810073783603734
732,37.91120597570533,-12384.87016844585,0.43856348862676936,6.229802458578784,3.16970141193378
733,37.91120597570533,-12401.477731929444,0.4380647636015233,6.222398601660522,3.1621325400562337
734,37.91120597570533,-12418.068625374399,0.4376250509042628,6.2158656778893695,3.1545124540459932
735,37.91120597570533,-12434.646746854516,0.4372881593568416,6.21078343722309,3.146730193947948
736,37.91120597570533,-12451.214960272235,0.43702681018180706,6.206757941774545,3.1401379676127705
737,37.91120597570533,-12467.774284578563,0.4367923383115703,6.203119264618347,3.135058040909209
738,37.91120597570533,-12484.32495764956,0.43656414099835983,6.1995882276873715,3.130852178326405
739,37.91120597570533,-12500.8675517952,0.43635103974902917,6.196282404231242,3.126795444906006
740,37.91120597570533,-12517.403093330044,0.43616501003528446,6.193357942768409,3.122656578391178
741,37.91120597570533,-12533.932563603788,0.4360048657996595,6.1907939526665405,3.118604642851348
742,37.91120597570533,-12550.45656911893,0.435860719538439,6.188455672622963,3.114811433367554
743,37.91120597570533,-12566.97543857825,0.43572524361039494,6.1862446720985504,3.111265240159109
744,37.91120597570533,-12583.489473806583,0.43559772904381666,6.1841509634105405,3.1078365122127924
745,37.91120597570533,-12599.99905664959,0.4354802865829102,6.1822014285717986,3.104421688237155
746,37.91120597570533,-12616.50458516283,0.4353733438029022,6.180400349193156,3.101008233412914
747,37.91120597570533,-12633.00638520589,0.4352749963595035,6.178721477798882,3.0976442492153153
748,37.91120597570533,-12649.5046982472,0.43518301823181765,6.177134809469685,3.094368503152091
749,37.91120597570533,-12665.999726692447,0.4350963790444127,6.175626360405754,3.0911753645586177
750,37.91120597570533,-12682.491671537828,0.4350150416198595,6.174195216900602,3.08803096034297
751,37.91120597570533,-12698.98073357353,0.4349390005233141,6.172840785851766,3.0849073094555095
752,38.290318035462384,-12715.608350813689,0.43425121788641624,6.162675765211025,3.1589374618544
753,38.290318035462384,-12732.218249459167,0.43378847441542373,6.155755410180354,3.1399958114961755
754,38.290318035462384,-12748.8109167325,0.433338455375509,6.149065947806006,3.1295709935602187
755,38.290318035462384,-12765.385652927771,0.43287016263292105,6.14217888666927,3.1228494221080867
756,38.290318035462384,-12781.944626268918,0.43245849579544426,6.136125462460968,3.116000992699513
757,38.290318035462384,-12798.491690467134,0.43214747349171584,6.131489358926551,3.1089090020083634
758,38.290318035462384,-12815.029669710435,0.4319102084234619,6.127882693474175,3.1029585967968667
759,38.290318035462384,-12831.559533601807,0.43169826576152737,6.124638662557861,3.098502254931108
760,38.290318035462384,-12848.081464337345,0.4314910813809964,6.121478561356324,3.0949104897819044
761,38.290318035462384,-12864.59598310105,0.431297508378271,6.118520755112434,3.0914498961216466
762,38.290318035462384,-12881.104074707562,0.4311296550533497,6.11592369841452,3.087881057624828
763,38.290318035462384,-12897.60668544546,0.43098651524949866,6.113669179881553,3.084374041701294
764,38.290318035462384,-12914.104237438985,0.4308543997530048,6.111547417875977,3.0779056972578576
765,38.290318035462384,-12930.59672552597,0.4307221494403684,6.109383651718392,3.0675876704294804
766,38.290318035462384,-12947.084226059125,0.4305918931748078,6.107219814630888,3.058376913954884
767,38.290318035462384,-12963.566921646105,0.43046640593890834,6.105092916646466,3.0500916533553193
768,38.67322121581701,-12980.186067377488,0.429732647265765,6.094186197967162,3.119959556810266
769,38.67322121581701,-12996.785580990007,0.429225006106898,6.0865140261104775,3.096758265443628
770,38.67322121581701,-13013.366026647898,0.428731952928223,6.079084943784387,3.0829211518839914
771,38.67322121581701,-13029.926774336747,0.4282226090357388,6.071476813210527,3.073142783055867
772,38.67322121581701,-13046.47008856667,0.4277718201336341,6.064722418309024,3.0634259977063443
773,38.67322121581701,-13062.999937461454,0.42742363772961306,6.0594083191286625,3.053673383380526
774,38.67322121581701,-13079.519251348262,0.4271512268041326,6.055149715126225,3.0453011051174625
775,38.67322121581701,-13096.02908487658,0.42690608667393753,6.051280478670379,3.0386224128634227
776,38.67322121581701,-13112.52969179625,0.4266675079271414,6.047520926317172,3.0329592808116463
777,38.67322121581701,-13129.021663608299,0.4264442240280277,6.043988681484287,3.0275484361753517
778,38.67322121581701,-13145.50605775436,0.4262482831227666,6.040842219312237,3.022138109580659
779,38.67322121581701,-13161.983890783113,0.42607862781308875,6.038063214965598,3.0168882696676422
780,39.05995342797518,-13178.596600734658,0.4253131018751895,6.026720161666404,3.089510694351526
781,39.05995342797518,-13195.188359906579,0.4247767269491263,6.018676659599023,3.0684911079121084
782,39.05995342797518,-13211.759884641446,0.42425869158865054,6.010944597822168,3.056739292250136
783,39.05995342797518,-13228.31077760635,0.4237304838427458,6.00312760734212,3.048682132317446
784,39.05995342797518,-13244.84355661698,0.42326673638020135,5.99625198908312,3.0402484919614903
785,39.05995342797518,-13261.362370444827,0.4229092043929546,5.990871899174015,3.03154666784897
786,39.05995342797518,-13277.870241739716,0.42262905728577044,5.986574420304584,3.024172798674921
787,39.05995342797518,-13294.368277723797,0.4223772569135335,5.982684490206296,3.0184751139550703
788,39.05995342797518,-13310.85678938378,0.4221334183201801,5.978925169527142,3.0137169224441136
789,39.05995342797518,-13327.336436156527,0.42190646241138724,5.97541560161824,3.0090962425537198
790,39.05995342797518,-13343.808336692005,0.421708145808535,5.972309827780221,3.004383211926457
791,39.05995342797518,-13360.27354971537,0.4215369343365852,5.9695827081138715,2.999785717223599
792,39.05995342797518,-13376.732737478094,0.4213826776079959,5.967095726841803,2.9954940246810637
793,39.05995342797518,-13393.18627186289,0.4212379416976102,5.964748743696085,2.9914958908401794
794,39.05995342797518,-13409.634495793418,0.4211019852047309,5.962531279964788,2.987636427342317
795,39.05995342797518,-13426.077833302816,0.4209768846681858,5.960469906833938,2.983803703357768
796,39.05995342797518,-13442.516729809899,0.42086318759693975,5.95857202848919,2.98018796212619
797,39.05995342797518,-13458.951538577734,0.42075853464955154,5.956802508770974,2.9763174593151707
798,39.45055296225493,-13475.522801276109,0.42005146833375595,5.946391128450472,3.0481772509128824
799,39.45055296225493,-13492.075055116979,0.4195696282562403,5.93921752738911,3.028919783223119
800,39.45055296225493,-13508.608938073497,0.41910395964116404,5.932319556755392,3.018304008096914
801,39.45055296225493,-13525.123883519585,0.4186239280826222,5.925273856228498,3.011307818177728
802,39.45055296225493,-13541.62221898843,0.4182028952706911,5.9190917733483515,3.0042434164537877
803,39.45055296225493,-13558.107918337615,0.4178825925445528,5.9143221776609085,2.9960553632701727
804,39.45055296225493,-13574.58392489585,0.41763689786534225,5.910596343109917,2.989958147320709
805,39.45055296225493,-13591.051272428422,0.41741740726237636,5.907246125813864,2.985177630560228
806,39.45055296225493,-13607.510184663855,0.41720358777204974,5.903991757544289,2.981224795296163
807,39.45055296225493,-13623.961227615311,0.41700411568869916,5.900949305939082,2.977416370596364
808,39.45055296225493,-13640.405436653824,0.4168308883842938,5.89827526122905,2.973496569274247
809,39.45055296225493,-13656.843804274802,0.4166828190393723,5.895950972941561,2.9696642497899735
810,39.45055296225493,-13673.27693695716,0.41655012283556037,5.893842914747827,2.966098783829628
811,39.45055296225493,-13689.705154008683,0.41642552050517406,5.8918530724832365,2.962805610107196
812,39.45055296225493,-13706.128747569272,0.4163083233917551,5.889971890919189,2.959648855025346
813,39.45055296225493,-13722.54809138836,0.4162006001487342,5.8882253782364335,2.9564198637055052
814,39.45055296225493,-13738.963580729729,0.4161028961258891,5.886620094237185,2.9532455256484913
815,39.45055296225493,-13755.375537666672,0.4160133560776669,5.885130509808169,2.9501195921502257
816,39.45055296225493,-13771.784197306779,0.4159297755803277,5.883726849212943,2.9470850286749752
817,39.45055296225493,-13788.189754618752,0.4158511371860459,5.882395246704707,2.944132295031551
818,39.45055296225493,-13804.592404318544,0.41577743448830834,5.881135260787085,2.941229989924204
819,39.45055296225493,-13820.992342281732,0.41570869688147755,5.879946833997467,2.938347935537045
820,39.84505849187748,-13837.529574500224,0.41503847263405796,5.870143273643208,3.0098887353628907
821,39.84505849187748,-13854.048956561359,0.41459048339705884,5.863526743602451,2.9914857768109226
822,39.84505849187748,-13870.550900311602,0.41415283035924394,5.85707948084593,2.978433730063862
823,39.84505849187748,-13887.034444443578,0.41369105118383004,5.850302473413859,2.9646422862419786
824,39.84505849187748,-13903.50164327881,0.41328082975679975,5.844250252224612,2.951531791063848
825,39.84505849187748,-13919.956280744524,0.41296557436510734,5.839502477451509,2.9390435068436846
826,39.84505849187748,-13936.401108151897,0.4127193692217439,5.8356912102162815,2.9285260227163334
827,39.84505849187748,-13952.837026051564,0.41249576539138594,5.832184987730481,2.9201196473080784
828,39.84505849187748,-13969.264175070719,0.41227569091169397,5.828732330014992,2.913003052130404
829,40.24350907679626,-13985.8229243833,0.41146385323859036,5.816809448103041,2.9829896887863057
830,40.24350907679626,-14002.35859281278,0.4108903226586032,5.808265253516422,2.9555936282385242
831,40.24350907679626,-14018.872293680304,0.4103444566926271,5.800104986541967,2.934504621320887
832,40.24350907679626,-14035.36364929531,0.40978920559683846,5.791829636542295,2.9185530357741323
833,40.24350907679626,-14051.834956038329,0.4092910166353092,5.7843589767336745,2.9034421388288307
834,40.24350907679626,-14068.290247886427,0.40889306687194654,5.778274813748898,2.8889433540367633
835,40.645944167564224,-14084.872540744718,0.4079691885106547,5.764626736688371,2.954603593819759
836,40.645944167564224,-14101.427459204237,0.4072957043700876,5.754550489193934,2.926663177413754
837,40.645944167564224,-14117.955922453211,0.40664483474269303,5.744841664180024,2.9105715971308324
838,40.645944167564224,-14134.457890810203,0.40599298884440455,5.735173255365407,2.898629446628486
839,40.645944167564224,-14150.936722435088,0.40542376274865494,5.726691937087233,2.8859238929018955
840,40.645944167564224,-14167.397478254383,0.40497904911342353,5.719954577371114,2.873067836219642
841,40.645944167564224,-14183.843765561605,0.4046230846406514,5.714456298445701,2.862145323129051
842,40.645944167564224,-14200.276957198674,0.4043008957874423,5.709442595168933,2.8534274791508745
843,41.05240360923987,-14216.837092761256,0.40339015761931424,5.696038753480978,2.923684855980169
844,41.05240360923987,-14233.369714741348,0.40271995124725474,5.686082375597901,2.8990019935925138
845,41.05240360923987,-14249.876776038902,0.40209731577900226,5.676835951015217,2.8844947172986024
846,41.05240360923987,-14266.35887729774,0.40148931145958083,5.66784029614316,2.8738595182809146
847,41.05240360923987,-14282.819085188288,0.4009560085013484,5.659924157904524,2.8629445271081773
848,41.05240360923987,-14299.261854684459,0.4005312247409396,5.6535379212747845,2.851979919732411
849,41.05240360923987,-14315.690522596606,0.40018772270991737,5.648292189151392,2.8425850960718106
850,41.05240360923987,-14332.106569070309,0.39988027570723217,5.6435619020334595,2.834991175305987
851,41.05240360923987,-14348.510651072089,0.39958883182384913,5.6390729086634055,2.8283877444678915
852,41.05240360923987,-14364.903684689838,0.399319703026164,5.634909583002227,2.8220146014605665
853,41.05240360923987,-14381.286972627962,0.39908230694769015,5.631195746066264,2.8156651796098227
854,41.05240360923987,-14397.661735439802,0.39887464246202214,5.627900692085459,2.809572995070471
855,41.462927645332265,-14414.167703986706,0.39808979935262784,5.6163723730541975,2.878331121226942
856,41.462927645332265,-14430.650642603068,0.3975343650924199,5.608124670597379,2.8565034220773873
857,41.462927645332265,-14447.11155538008,0.3970031474336997,5.600261700138144,2.844320935922527
858,41.462927645332265,-14463.550255607983,0.39646742672186736,5.592384227280574,2.8357523254833223
859,41.462927645332265,-14479.969509441537,0.39599841993797713,5.585471611188786,2.8266178389268153
860,41.462927645332265,-14496.373728970013,0.3956358236156244,5.580053659691708,2.8172005251989853
861,41.462927645332265,-14512.76613748184,0.3953509663390729,5.575722428894123,2.8092160291773087
862,41.462927645332265,-14529.147952235335,0.39509546681377633,5.571811376682658,2.802961713184695
863,41.462927645332265,-14545.519544886649,0.3948489308653993,5.568042495939544,2.7976561219727127
864,41.462927645332265,-14561.881638947585,0.3946198445247326,5.564529819159999,2.792511222017363
865,41.462927645332265,-14578.235433314343,0.3944196730785319,5.561424914494301,2.7872912734642243
866,41.462927645332265,-14594.582064347836,0.3942469083061623,5.5587038319487005,2.7822395598317673
867,41.462927645332265,-14610.9222495595,0.39409144842438165,5.556228309153446,2.7775114231946243
868,41.87755692178559,-14627.39485160132,0.39335155278010236,5.545430478744499,2.8459414129443634
869,41.87755692178559,-14643.845879426635,0.39283637906671,5.537841870300651,2.82570013156479
870,41.87755692178559,-14660.276335864437,0.3923451520461985,5.530628773849218,2.8146390611981067
871,41.87755692178559,-14676.685979807107,0.39184816758340507,5.523378658215623,2.8070801533867678
872,41.87755692178559,-14693.077448177602,0.391414150570157,5.517037870931598,2.7990679390539315
873,41.87755692178559,-14709.455015458969,0.3910822045315321,5.512129235280161,2.7907717040274687
874,41.87755692178559,-14725.821809748317,0.39082495475838996,5.508262968164054,2.783818150562956
875,41.87755692178559,-14742.178987902596,0.390595329733093,5.504790271022122,2.7785009636350417
876,41.87755692178559,-14758.52686414528,0.3903732080936683,5.50143673557127,2.774062494804503
877,41.87755692178559,-14774.865998270338,0.39016445385233967,5.498269755691543,2.7677744947973135
878,41.87755692178559,-14791.19712820241,0.3899733206159966,5.495308051313012,2.7547655445023596
879,41.87755692178559,-14807.52110156101,0.38980242780361446,5.492600024530674,2.7429845276095324
880,42.29633249100345,-14823.976539325033,0.3890511728770089,5.48160289066829,2.8046201244878257
881,42.29633249100345,-14840.409508937131,0.3885199648361797,5.473720291657766,2.7793672490928345
882,42.29633249100345,-14856.820815060026,0.38800778120389445,5.466126364805694,2.764088961241766
883,42.29633249100345,-14873.210150537949,0.3874883355762108,5.458462856887613,2.7527520598921407
884,42.29633249100345,-14889.580237180407,0.3870332409067338,5.451719209216137,2.7412733687436766
885,42.29633249100345,-14905.935467269082,0.3866819916869663,5.4464259918528155,2.7298840912751356
886,42.29633249100345,-14922.27902931323,0.386406127472621,5.4421807334531165,2.720165422729268
887,42.71929581591348,-14938.750202409401,0.38556752356483903,5.429930712784442,2.786024202597352
888,42.71929581591348,-14955.195070965672,0.38495177043968676,5.420865471359639,2.762729660562216
889,42.71929581591348,-14971.614933383345,0.38436641110443204,5.412269330220465,2.749465472915714
890,42.71929581591348,-14988.010301914932,0.38379304289646793,5.403881403279868,2.7395757871154753
891,42.71929581591348,-15004.384611096497,0.38330007245726017,5.396641187728248,2.7290882502881213
892,42.71929581591348,-15020.742614941324,0.3829183869350287,5.390960372435008,2.718643489378225
893,42.71929581591348,-15037.08763022603,0.38261434259440924,5.386365333523244,2.7099363845202853
894,42.71929581591348,-15053.42094246229,0.38234039031559997,5.382200920295692,2.7030794797137205
895,42.71929581591348,-15069.743071536896,0.3820786078717379,5.378221890069679,2.6971629443287477
896,42.71929581591348,-15086.054921992916,0.38183799953794373,5.374549108018158,2.691386520262152
897,42.71929581591348,-15102.357828870876,0.38162864266809354,5.371316032171876,2.685600731541433
898,43.146488774072616,-15118.790616441564,0.38086036749678187,5.360136872671157,2.751830434371238
899,43.146488774072616,-15135.20026371617,0.3803240481637658,5.352256529967467,2.7304609628454415
900,43.146488774072616,-15151.587844478521,0.3798126157648718,5.3447633646098796,2.718924065735761
901,43.146488774072616,-15167.953119646756,0.3792956421999912,5.337235551871777,2.7109683005505296
902,43.146488774072616,-15184.298920611132,0.3788442913620467,5.3306516118224065,2.702335840491397
903,43.146488774072616,-15200.629828682635,0.3784991209138789,5.325554768291192,2.693334009273005
904,43.146488774072616,-15216.949200581046,0.3782317486797269,5.321542392020907,2.6857445613283213
905,43.146488774072616,-15233.258280157532,0.37799320500617056,5.317940060481856,2.67990012757971
906,43.146488774072616,-15249.557403113511,0.3777624418369476,5.31446076238112,2.6750215924223566
907,43.146488774072616,-15265.847269502206,0.37754790370073726,5.3112184347455,2.6702896052734313
908,43.146488774072616,-15282.129093244308,0.37736150043081246,5.3083715832215566,2.6654721895098556
909,43.146488774072616,-15298.404036548405,0.3772020335029693,5.305900731095608,2.660782683152661
910,43.146488774072616,-15314.672824645035,0.37705937513978877,5.303667211434931,2.6564148719215535
911,43.146488774072616,-15330.93585131291,0.37692584332961904,5.301566816342376,2.652352577931222
912,43.146488774072616,-15347.193471961931,0.376800548803585,5.299587215541362,2.648456366451975
913,43.57795366181334,-15363.583215577853,0.3761017266463802,5.289470349078306,2.7137920147327113
914,43.57795366181334,-15379.952271044267,0.3756269877526985,5.282536681005808,2.6945570773768766
915,43.57795366181334,-15396.301661233216,0.375175721095841,5.275964431330967,2.68425515466085
916,43.57795366181334,-15412.631009763385,0.3747158174725778,5.26930941639778,2.6774276902066663
917,43.57795366181334,-15428.94288503895,0.37431485200405046,5.263502496135107,2.6701685594520317
918,43.57795366181334,-15445.241604719253,0.3740129655188651,5.259082640813362,2.6626036354653744
919,43.57795366181334,-15461.530351834728,0.3737841212528768,5.255679641786606,2.6562798751246532
920,43.57795366181334,-15477.810267913439,0.37358147206835546,5.252647643897332,2.651488153618696
921,43.57795366181334,-15494.081595068428,0.37338437874498887,5.249705091630947,2.647562723646544
922,43.57795366181334,-15510.34491888762,0.37320072313177977,5.246958689257511,2.6437790420444536
923,43.57795366181334,-15526.601333177236,0.3730421675091377,5.244564151394881,2.639920722719038
924,43.57795366181334,-15542.851898300061,0.37290794443759817,5.242508115304423,2.636159281872767
925,43.57795366181334,-15559.097261243123,0.3727885680253991,5.240660595808529,2.632658083290127
926,43.57795366181334,-15575.337750172672,0.3726767221696398,5.238922296934916,2.629404797493888
927,43.57795366181334,-15591.573656620933,0.37257156621576887,5.237281627648883,2.6262835593118936
928,43.57795366181334,-15607.805365346007,0.37247523945347094,5.2357668047777866,2.623196410419564
929,43.57795366181334,-15624.033288123925,0.37238836187348906,5.234385394173091,2.6201337588536266
930,43.57795366181334,-15640.25776090847,0.3723091935535321,5.23311334710864,2.6171293247365064
931,43.57795366181334,-15656.479024889763,0.37223555991594304,5.231921053300998,2.6142140820226527
932,44.013733198431474,-15672.833892010553,0.3715855468804798,5.222560032117638,2.6785969146503676
933,44.013733198431474,-15689.169692673277,0.3711523534955983,5.2162770092655135,2.6610015782024727
934,44.013733198431474,-15705.48728085737,0.3707385626782347,5.210296108870981,2.6518921265593467
935,44.013733198431474,-15721.786188847103,0.37031414527488044,5.20420126469988,2.646074292253716
936,44.013733198431474,-15738.068921362521,0.36994663556498325,5.198922861887646,2.6398125255288254
937,44.013733198431474,-15754.339715010514,0.3696753823320971,5.1949900214297,2.633244736108477
938,44.013733198431474,-15770.601651134988,0.3694741377915946,5.192030395239116,2.6278717743919207
939,44.013733198431474,-15786.855771005008,0.36929655107289294,5.189405010085794,2.6239752680800277
940,44.013733198431474,-15803.102235100361,0.3691226104838501,5.186840706913147,2.620880608513092
941,44.013733198431474,-15819.341565332843,0.3689605278257539,5.184448818822764,2.6178807548575955
942,44.013733198431474,-15835.574798994041,0.368822012620895,5.18238599756709,2.614767473320696
943,44.013733198431474,-15851.802939740073,0.36870630066455745,5.1806391551054585,2.611729906762807
944,44.013733198431474,-15868.02657790066,0.368604001106778,5.179079658979677,2.608937791216368
945,44.013733198431474,-15884.24598923054,0.36850796674662095,5.17761048971169,2.606369579841548
946,44.013733198431474,-15900.461420171685,0.36841753159275176,5.17622250379261,2.6039085809530884
947,44.013733198431474,-15916.673216516312,0.36833495290059787,5.174945598979707,2.6014482182428273
948,44.013733198431474,-15932.881754610142,0.36826092485163703,5.1737884479406,2.598992161914224
949,44.013733198431474,-15949.087336490535,0.3681937591463214,5.172727756452125,2.5965800493482396
950,44.013733198431474,-15965.29017114356,0.368131341642274,5.171734784208672,2.594246688873256
951,44.013733198431474,-15981.490425599593,0.3680727190989524,5.17079655153337,2.591986237135471
952,44.013733198431474,-15997.688270302955,0.3680179690808362,5.169913920282018,2.589769414838153
953,44.013733198431474,-16013.883881360196,0.3679672202360879,5.169088311413467,2.5875615439301765
954,44.013733198431474,-16030.077420660251,0.3679201495373117,5.1683151926539335,2.585382969117873
955,44.013733198431474,-16046.269023056695,0.367876142735724,5.167586101243835,2.5832356349927013
956,44.45387053041579,-16062.595003847526,0.3672566774508809,5.1587081339517304,2.6469298137453774
957,44.45387053041579,-16078.90295572534,0.3668511129230135,5.152863086834704,2.6304080346659364
958,44.45387053041579,-16095.19365338875,0.36646297541769624,5.1472900981238086,2.6221721211850895
959,44.45387053041579,-16111.466550835123,0.36606255545815464,5.141577496726867,2.6171345606850775
960,44.45387053041579,-16127.724101612226,0.36571732861784323,5.136655224885626,2.6116415301539297
961,44.45387053041579,-16143.970507315078,0.36546661761957777,5.133052714733369,2.605788404527403
962,44.45387053041579,-16160.208809938513,0.3652843369920191,5.13040027817634,2.6010826309816375
963,44.45387053041579,-16176.439999788605,0.36512433352655815,5.1280616040238085,2.5978175440308098
964,44.45387053041579,-16192.66418232972,0.3649667025059835,5.125764875463054,2.5953247444251035
965,44.45387053041579,-16208.881832364414,0.36481975227770586,5.123622952556038,2.592910064936563
966,44.45387053041579,-16225.093950344142,0.36469530743432044,5.121794333721908,2.5903542134550253
967,44.45387053041579,-16241.301508200702,0.364592726418893,5.120267758484119,2.5878523211798883
968,44.45387053041579,-16257.50506408985,0.36450270124539047,5.118915676359033,2.5855720078553084
969,44.45387053041579,-16273.704861119591,0.36441814484189455,5.117641885037782,2.5835060835480843
970,44.45387053041579,-16289.901114932303,0.36433843936346383,5.116437905049222,2.5815251665404775
971,44.45387053041579,-16306.094145055542,0.36426592173019273,5.115334879800343,2.5795410535127816
972,44.45387053041579,-16322.28430481167,0.36420135216459837,5.1143424108996065,2.5775389426787028
973,44.45387053041579,-16338.471875121526,0.3641431019776189,5.113438046260514,2.5755685796791514
974,44.45387053041579,-16354.657044650528,0.3640890958624203,5.1125935765594,2.5736631293377945
975,44.45387053041579,-16370.839961185158,0.36403841423794114,5.111796503182707,2.571818045411376
976,44.45387053041579,-16387.020777949154,0.3639911794164716,5.111048385236006,2.5700141358107302
977,44.45387053041579,-16403.19965514758,0.36394754844462845,5.110351009629263,2.5681975065873828
978,44.45387053041579,-16419.376740257943,0.36390723501337124,5.109700362127292,2.5663976614892556
979,44.45387053041579,-16435.552154890658,0.36386965723603854,5.109088466907747,2.5646213128719797
980,44.45387053041579,-16451.72600010224,0.3638343527481605,5.108509011761096,2.562880396053172
981,44.45387053041579,-16467.89834890608,0.36380069071304916,5.1079536084429575,2.561182114681826
982,44.45387053041579,-16484.069237986954,0.3637678539107714,5.107411551077108,2.5595692428372065
983,44.45387053041579,-16500.23874494524,0.36373676274665406,5.106894700842458,2.5579404664542373
984,44.45387053041579,-16516.40698464421,0.36370825545785584,5.106413732182279,2.556217821660344
985,44.45387053041579,-16532.5740644497,0.3636821633882194,5.105966233457502,2.5544974210490436
986,44.45387053041579,-16548.740054469745,0.3636576484152829,5.10554112321607,2.552850408346398
987,44.45387053041579,-16564.90499474711,0.36363403421324875,5.105129471063145,2.5512727376154594
988,44.89840923571995,-16581.20473261505,0.3630359771182037,5.096590613444729,2.6143264610642127
989,44.89840923571995,-16597.487133528524,0.3626498397301659,5.091053243415528,2.5985641592686894
990,44.89840923571995,-16613.752950350638,0.3622804704887341,5.085776254088699,2.590937040831426
991,44.89840923571995,-16630.001605424357,0.36189823537859594,5.080349201690126,2.5864716518616433
992,44.89840923571995,-16646.235522151946,0.36156997550539693,5.075693657466459,2.581506059471201
993,44.89840923571995,-16662.45887640447,0.36133472273711326,5.072335931825371,2.5761591064566054
994,44.89840923571995,-16678.67468394284,0.3611666385158078,5.069910072935247,2.5719210038183014
995,44.89840923571995,-16694.883806155718,0.3610177395769543,5.0677463020513995,2.5673057172529514
996,44.89840923571995,-16711.085809309574,0.36085918030617714,5.065416158805593,2.555655977773038
997,44.89840923571995,-16727.280853745935,0.3607041922428678,5.063115397295252,2.5452129508395003
998,44.89840923571995,-16743.46968813802,0.36056587900679427,5.061021788494372,2.5357757119728355
999,44.89840923571995,-16759.653075474806,0.360444559445791,5.059140156325134,2.527398043192019
1000,45.34739332807715,-16775.967213110664,0.35975910495734514,5.049261854680907,2.586211844474921
