Contract_Price_Gen_VRES_Wind,EP_Price,H2_Price,Elec_GC_Price,Elec_Price,Contract_Price_Gen_VRES_Solar,Time,H2_GC_Price
0.0,106.8242990928626,62.981728739394725,20.852236524050948,-19.819813621100437,55.0000000002054,1,32.46685537525615
0.0,106.94073158922515,63.10906089305307,20.629116761886966,-19.453757457859684,55.000000000202654,2,32.29032848513264
0.0,106.82429909285995,62.98172873939312,20.662147323193192,-19.499049202652394,55.0000000002028,3,32.46685537524618
0.0,106.82429909286296,62.98172873939517,20.802871746689167,-19.66782192697526,55.000000000203855,4,32.4668553752561
0.0,106.94073158913675,63.10906089333396,20.550651948108282,-19.707901507853443,55.00000000020638,5,32.290328485039645
0.0,106.72123635402139,62.74567966015229,20.80223700220594,-16.62011576003981,55.00000000022525,6,32.307672487609864
57.6056936347746,109.41282707757766,67.00835570672704,19.80419065352351,44.82942382770116,65.12933043708435,7,32.92181286783928
67.47623209786397,113.74557129526019,71.96888948673713,19.60561992363077,49.11054184197024,68.70599131895376,8,33.0846970674944
63.03797046286115,112.81911421136911,69.20701044969981,19.24521704294118,43.9996997069516,62.33550801351041,9,32.23583625333088
51.99622539707619,108.47453784937123,64.9446070338452,20.112603029875366,36.578621450666084,57.32815341295766,10,32.30299449303616
39.05307890702708,107.28539405522758,63.51253686111777,19.153300381142987,24.22274386507756,43.7664733715835,11,32.54273920331912
37.2017287337706,106.72123763556426,62.74568179411146,21.028706302023018,19.731798929568203,38.88996862095997,12,32.30767277828755
19.46572294691691,106.82429909346031,62.98172874015639,21.59729672226618,-0.06735192414952773,18.623929860470227,13,32.46685537484921
41.452189349908956,106.8497530365297,62.959649324044456,19.429762115658615,22.90550223398812,39.972832745640794,14,32.336786508623774
55.379041413942495,108.2644070083334,64.7085334229724,18.961032444727753,36.48075838804149,54.68340485560351,15,32.117456080893476
64.86680963845215,112.98841549176764,69.65350260986725,19.33434027246866,46.44505786683024,66.04920949084126,16,32.59422506833498
64.39705517166061,111.09079840168407,72.5982244911367,19.885617656036747,51.4763984658699,71.32312803264952,17,33.598279616860154
57.23454223254381,112.6198910905602,70.38096165429299,19.655874346779896,42.866493722219,67.21103855625796,18,31.98949194106655
38.96037887622513,107.72709837993385,64.1266017149495,18.064936313657665,25.224970874621096,57.79170558388277,19,32.35343981535033
2.278798123401523,106.72123635403868,62.745679660298585,20.952077319206673,-11.28283645005026,55.00000000023382,20,32.30767248762823
0.0,106.94073158995297,63.109060892879334,21.676943128834587,-21.335867454628833,55.0000000002095,21,32.290328485329724
0.0,106.72123635403786,62.74567966030245,21.207014009544014,-21.223312603784763,55.00000000020916,22,32.30767248763133
0.0,106.97081826968956,62.82859903975124,20.851295376994113,-20.953781870778283,55.00000000020908,23,31.97246491420749
0.0,106.82429909370137,62.981728740345496,20.7164265863196,-21.017963447809464,55.00000000020958,24,32.46685537475185
0.0,106.94076329112022,63.10904074491834,21.461051655207825,-21.4224360459131,55.00000000041556,25,32.29034806688096
0.0,106.82429800419926,62.98174222800921,20.320708871585435,-20.041956498822294,55.000000000404185,26,32.46684803794252
0.0,106.82429800424431,62.98174222809494,20.359185428826706,-19.38456333326144,55.00000000039948,27,32.466848038071
0.0,106.94076329135258,63.10904074493136,20.227664707104196,-19.59845211347852,55.00000000040266,28,32.29034806743535
0.0,106.82429800424144,62.98174222806013,21.46105165535753,-21.422436045497594,55.00000000041556,29,32.46684803811226
39.21173240350473,106.89989828311393,63.187151468735095,20.312214225097275,25.972349269495943,47.104417940350224,30,32.32139438093372
64.24641968367067,110.17184243444584,66.95562254627583,19.45707773986468,45.0878857453656,64.18055358454454,31,32.54733355006114
63.56839412147277,109.84410788748895,66.59180457523264,19.17311978931914,44.18639210854043,62.53631861661335,32,32.461335821658416
47.32729653313269,108.02768235933189,64.44110003214796,21.30387781905098,29.270567699234306,48.744690986197924,33,32.76329489554435
8.55097668194315,106.94076329366455,63.10904074484701,22.94997345602211,-11.11999790904626,3.8020525154107263,34,32.29034806804275
2.7939520086147844,106.82429800416423,62.98174222801662,22.96905602160705,-17.19092997122788,0.0,35,32.46684803789119
0.0,106.94076329559904,63.109040744646975,21.452007541746756,-21.54384283506881,0.0,36,32.29034806907864
0.0,106.94076329570028,63.10904074466984,20.92172363291012,-20.885808739909486,0.0,37,32.29034806910057
0.0,106.94076329565641,63.10904074464846,20.08437997420381,-20.20478905692153,0.0,38,32.29034806910329
0.0,106.82429800418961,62.98174222806497,22.640593469011378,-22.130812466437934,0.0,39,32.4668480380897
47.718815594796126,107.68049747151616,63.98703322147116,19.953583501135174,28.687743920036574,46.92956011563389,40,32.72957462672644
67.47634969037563,113.74556076479527,71.96885755898629,19.605571255696155,49.11065428430589,68.70606350732379,41,33.084707328529376
64.72867896508106,111.79303219835283,72.92708619191203,20.40313140148805,51.02657436210512,70.97382356873342,42,33.55357377563199
60.8225342154581,113.96454305101906,72.07861425378374,18.95664324709738,46.47348516277586,68.44558667858416,43,32.43142142394805
38.83852468221301,107.52594383100755,64.15243685310536,18.377091778344212,24.581522323559252,57.63354862218841,44,32.2009486964293
51.50013601142983,108.7972417345942,65.45500769079436,18.411813177195338,37.55615305155346,59.846629822936215,45,32.69032790694407
53.53944556876165,108.8993601859417,65.58575997345552,19.159736141029768,38.1878074060848,61.06634320445151,46,32.63565463962242
49.809691954893154,108.12533601088793,64.60650118822409,18.80273308409968,34.64318186749655,57.908027042191115,47,32.04382672102057
56.39032797201613,109.25825150612177,65.54689667516087,19.119717016677033,41.23243496572088,62.992794914464426,48,32.273131866895326
77.5457014655182,142.12716925149815,88.49078366011275,834.6218778464878,58.688590602449835,77.49807975227598,49,33.172508899426674
76.86729297136313,140.53825236429427,88.06534063941457,47.68491194551788,57.199445951457406,77.95774851697675,50,33.45522564217462
77.51882265686149,142.36994270778058,89.25043721952373,49.20887610537092,58.13085829451024,78.8149657266213,51,33.32524554749485
78.73419102538496,145.92291247637772,91.4602755000194,50.70069875729267,59.612745095325906,79.25734950256015,52,33.13802170437898
78.0681187687442,144.77105545904234,91.04971914436683,49.913519979307935,59.47833397883939,79.38323813687843,53,33.21372075846773
74.668052028123,134.2514961527209,84.97826388764307,46.061220935149386,58.21016158991564,75.91168788161079,54,33.80548340919145
70.17087002412397,128.113486453635,78.83666356521539,39.637929212063725,43.49143957890265,70.5389745954959,55,32.720360254127876
67.7073632329082,112.01355138141804,70.01383752370948,20.666238350551822,47.998460512913454,67.98388722325672,56,33.23280517589042
69.16206485271512,113.17548607558855,71.41164690932627,20.277431127494324,49.56518242923186,69.03382874461181,57,33.295866938302794
68.90543656971735,113.17707471458041,71.37519340564837,19.466981424828138,50.35835098806011,68.4965899978386,58,33.168827523578166
66.86254883757252,114.74576443676541,72.32831069311013,18.085856837159184,50.01402212186937,68.17901574202155,59,32.52634526448615
60.67931162265796,112.60212289266218,67.91539080887664,18.183190705559223,44.4952682828904,63.57140372245708,60,32.146194614392854
59.889272282608296,111.07861309801083,66.51632940702724,18.979579807811245,42.379478505433106,60.9370511515874,61,32.21936436923929
68.31487807809091,115.08389295364591,73.16695271324654,19.91467620563509,49.648137848821946,68.48932050718697,62,32.68306501481089
68.85834555507753,113.84086780961469,71.51575758284939,20.54845008853841,49.127712504737595,68.60347605442048,63,34.06460345394495
68.2093640865837,112.34434436291212,70.6429661800576,20.631221900783135,48.8390357366245,68.73437455535529,64,34.338927205756434
71.7082795416092,127.82905112915607,80.91095426889599,38.1312149292884,51.12720879576274,72.65309450242773,65,33.33304644897457
72.971232268825,132.9949319486112,83.26960606041719,44.49048271374827,56.50074138197419,74.6902346033836,66,33.226675288652636
78.3207475564927,143.8542387192319,90.16112147634267,49.16787388019594,59.18354803848047,77.9909450434268,67,33.28308897455192
78.58741613594995,146.0761039065611,91.66445961477027,49.208876105375786,59.186500206917486,80.04931530798703,68,33.216460619755324
78.13630186697151,145.15121538938538,91.13701376944063,47.68491194549463,59.13049350167857,79.70194480302462,69,33.17646425849881
78.42787064259056,145.49293283525435,91.32084191767402,49.20887610536819,59.075940802280606,79.86923635247463,70,33.238922703109715
78.70757680503262,146.94607552669456,92.30902132383684,50.70069875748224,59.89753767915382,80.45384718487426,71,33.21632188975328
79.90646975564539,147.72109830310228,92.7896457435756,51.445760909746824,60.28831712417855,79.85884798525254,72,33.16909114356184
0.0,106.82429999713764,62.981717557997385,20.523902565997865,-20.274213796796364,55.0000000001148,73,32.46686145583637
0.0,106.94073008091033,63.10907179014876,20.83200543659556,-19.703537463389473,55.00000000011258,74,32.29033213871995
0.0,106.72124333852474,62.74567415679679,20.6621473280877,-19.499049206069913,55.00000000011185,75,32.307652959989056
0.0,106.94073008091028,63.109071790148846,20.80287175001978,-19.66782192872901,55.00000000011241,76,32.29033213871991
0.0,106.94073008096149,63.1090717899596,20.515779236389825,-20.294403585396914,42.98310694541571,77,32.29033213913165
6.634659122372127,106.94073008147774,63.109071789944366,22.863641473577417,-10.725129846956804,10.626525813227614,78,32.29033213898082
35.737868199082925,106.96100565143772,63.13360980778391,19.92156190637117,24.588571478351767,45.370931585662206,79,32.30596996844868
53.57491898637534,108.13826089188579,64.61063175031592,19.643389235284253,34.56609582663769,52.92288686987193,80,32.04039357369631
44.37690115792624,107.09928795688069,63.49404435326478,18.750288084974773,25.88927057430987,42.35143637895565,81,32.238508534344376
11.372482651248466,106.82429999708005,62.98171755783039,21.595426924874513,-7.951202420012246,9.191080218036486,82,32.46686145584998
0.0,106.94073008127141,63.10907178988179,20.876159487627334,-19.283132323032632,0.0,83,32.290332139220574
0.0,106.82429999711871,62.98171755795955,20.79975355334408,-20.853091449354075,0.0,84,32.4668614558762
0.0,106.97081826976915,62.82859903965232,19.945152363468914,-20.177305568494113,0.0,85,31.972464572900716
0.0,106.97081826968358,62.8285990395367,21.399383251702336,-20.248495722098856,0.0,86,31.972464572900712
0.0,106.94073008239447,63.10907179004275,21.296861478033232,-20.867042694130813,0.0,87,32.290332139388624
6.877658372190627,106.82429999711745,62.981717557959236,24.049478114482774,-6.866675344424552,15.008639144020236,88,32.46686145587379
42.103374866055276,106.79580030794723,62.86981835386208,18.582411940048413,24.713462793552402,42.42912038964073,89,32.32454715115189
44.47637579625913,106.92913164516656,63.26654892787713,17.35758724249636,26.78157183427206,45.431662719424274,90,32.26516781649162
23.60736729089163,106.94073008097934,63.10907178999734,20.949029641494658,8.818185386342655,42.983106945584524,91,32.29033213902757
0.0,106.82429999699133,62.981717557675196,20.912080723494284,-14.469197720029522,55.000000000125645,92,32.466861456018705
0.0,106.94073008107912,63.109071789972084,21.394509204365676,-21.045128302463887,55.000000000114916,93,32.29033213913587
0.0,106.97081826966432,62.828599039507004,21.207014012067397,-21.223312603746013,55.00000000011534,94,31.972464572900712
0.0,106.82429999711836,62.98171755796369,21.386313728985563,-20.64297626506518,55.000000000120004,95,32.4668614558759
0.0,106.72124333841246,62.74567415669339,21.732991466004417,-21.566214408922352,55.00000000011847,96,32.30765295999333
1.7771694146618424,106.82429867282038,62.98173395275725,20.762578391338067,-14.504339047556345,55.00000000035347,97,32.466852539064405
0.0,106.82429867293848,62.98173395295276,20.28182432366774,-20.97492034319831,55.000000000323496,98,32.46685253881668
0.0,106.82429867282073,62.981733952765865,20.158317260062024,-19.28069291120304,55.000000000317684,99,32.46685253906931
0.0,106.82429867294421,62.981733952959765,20.09228052146289,-20.245434437698066,55.0000000003219,100,32.46685253881063
15.525418150392335,106.82429867298171,62.9817339530196,20.875037601423504,-1.4929694174737327,24.957767364657794,101,32.46685253872821
57.065993237026206,108.27190020265613,64.7183212527813,19.190430596753288,38.31072346162498,57.414133946387906,102,32.12719477997832
59.81443051713128,109.18036046015897,65.3697788869569,19.208897413608398,40.483907375528744,59.32802100332016,103,32.20548560837488
58.0146238080308,108.99209831666893,65.31202794141448,20.409768445878484,39.09465884952387,57.21208844375109,104,32.22164071151736
48.639144469014155,107.98973641008256,64.58524896137494,19.238919841498692,32.362103963485936,52.07066674842894,105,32.10537251382242
40.899002692499636,106.91539259524875,63.22924024212337,21.81008694554936,21.17165477312403,39.67614960613672,106,32.29158934842206
0.0,106.82429867286162,62.98173395275302,22.00054229478467,-21.718025359646024,0.0,107,32.466852538870526
0.0,106.82429867298202,62.98173395301966,21.553335810321766,-21.634910958667138,0.0,108,32.466852538742394
0.0,106.82429867297574,62.981733953014654,20.85330591960527,-20.377472466512693,0.0,109,32.46685253874379
0.0,106.82429867298136,62.981733953024055,20.722203762963503,-19.968610974376208,0.0,110,32.46685253873064
0.0,106.8242986729754,62.98173395301424,20.806794202259308,-19.7990813665322,0.15111975069424932,111,32.466852538743886
0.0,106.82429867290794,62.98173395283588,21.267624650438087,-20.70758732542307,0.0,112,32.466852538781545
6.30229975054054,106.8242986729755,62.98173395301724,24.222855355839464,-6.753709181875404,15.13895168587273,113,32.46685253873303
45.9911872756889,107.89155033930608,64.57106402274741,20.638696168448803,33.77663737526453,54.14112147681626,114,32.15135175310464
57.82309784001187,108.35578675167459,64.82022701578416,17.275970434144476,39.26818379243717,57.40717474747575,115,32.20257155875397
40.03220185834304,107.70971441458734,64.41802291301484,18.198381682821736,26.048563415508486,57.804293766778876,116,32.193676558371244
43.33757841153427,108.18702605527432,64.67368774223509,18.294443119085102,29.133022313458913,57.90711959643552,117,32.75019891232108
51.49996667108859,108.79720419946987,65.45495855061817,18.4118399967622,37.55609458635105,59.84663340072401,118,32.69028865516807
58.16092316685979,109.40738073071356,66.23622744068474,19.060887203246,43.4810052962319,64.97246800773722,119,32.4407478418975
54.38076670103113,108.91095108885644,65.60059984040663,19.512556901095152,38.31189430991115,61.45108572561219,120,32.62938622895828
78.70762500531367,146.94607258209714,92.30903141678242,50.70069875768632,59.89753322632587,80.45388292584752,121,33.216314707480386
77.91815036335944,143.92770661768122,90.3515816465004,49.20887610579173,58.72478486937026,79.3199957320988,122,33.31956459817937
76.88966526821187,140.84957615112103,88.26117924375932,47.6849119440888,57.69141638625506,78.10918758522797,123,33.349508055607835
77.8395977247526,143.68554180948198,90.21156280798445,49.208876105792584,58.66681789195958,79.22960607092648,124,33.31464477104401
77.37660026115508,143.76317895195496,90.26366879614785,49.16787388044935,59.01143773801935,79.20730425903857,125,33.12563573711912
74.70011101511678,134.45396638956055,84.64954687408989,45.454806135503446,57.69829343568762,75.52811969176416,126,33.738161015271366
72.75111929934764,129.08045305867333,81.54329706939573,39.693066896639365,50.16349335893609,71.12916746841296,127,33.217983904008356
70.32330367596049,127.400231112333,78.4863455344616,29.731645581550556,42.71038122456461,70.19356389640704,128,32.84988788724464
67.82880579306055,111.73446983868097,69.19311125768638,20.338852929009146,47.86708792841278,67.80880042613497,129,34.22725086336424
69.87897354600089,112.94234194166512,72.53372643277478,21.867968019976416,49.637687601630255,65.3523687462641,130,34.77878083581539
67.31094939945885,114.12349772031325,70.89156200334783,20.01728415551848,47.962415104988274,66.946479189217,131,32.655489975727434
67.04373738230665,113.95267514837951,70.77254469993564,19.975634587435643,48.074224014356915,66.91166969010055,132,32.62915438802926
67.05934175340964,113.86680866650843,70.50273363637557,20.0792138909594,47.65438597175035,66.72738682872001,133,32.67422029884161
68.31779990991879,113.12905059325614,70.84992821529094,20.255736529179494,48.827948486248495,68.41293518159426,134,33.98556410137606
67.31949054973686,111.4126127178833,68.90400470257163,20.425664159584777,47.60212952110392,67.7068007145951,135,34.05703480300351
72.07276326799378,131.02336440496944,81.16770141676703,41.24856955579328,52.50931597667194,72.07276326648015,136,32.84460355493669
73.87515362578662,133.95023047032188,83.40262750263503,43.80328141224596,56.548663895066085,74.21865064132896,137,33.48791344707978
77.68479593455568,141.9886961922995,88.73189144535115,47.66892559365951,58.457169394070256,76.81507538355206,138,33.35209881102238
78.07582949807222,145.09652255706087,90.94679461140352,47.68491194415717,58.823020779032895,79.50789705131571,139,33.17207252278887
77.44717586988268,143.7918432782983,89.99902755594555,46.11938439667246,58.40694584402163,78.83380062776745,140,33.1539089293569
78.07582950125489,145.0965225614829,90.94679461510445,47.68491194413414,58.82302077908779,79.50789705362325,141,33.17207252317545
78.5873644818594,146.07625340456465,91.66452839520053,49.20887610577896,59.18648867571202,80.04927563730782,142,33.21647325459687
78.72403701926031,147.08340135124973,92.38663989116567,50.7006987576823,59.92499530249486,80.48101406234707,143,33.214042438569855
79.906521875538,147.72111292589412,92.78968580856717,51.44576090974619,60.28834334441424,79.85890138675057,144,33.16908280352012
0.0,106.94075891534648,63.10904385637222,21.461051678991545,-21.422436449385895,55.0000000003794,145,32.290345630340454
0.0,106.82429822341123,62.98173950882539,20.320708880204638,-20.041956511829987,55.00000000036901,146,32.466849517100385
0.0,106.82429822382484,62.98173950932757,20.359185430224414,-19.384563334363335,55.000000000364714,147,32.46684951703016
0.0,106.94075891565139,63.109043856395424,20.227664709256572,-19.598452080754083,55.00000000036762,148,32.290345630427815
0.0,106.97081826891164,62.82859904004482,21.474036726567892,-21.475356495930804,42.98310694605908,149,32.587785719080074
21.51522962311015,106.94075891685839,63.10904385632648,22.748243435311068,3.2216957355567364,25.20732324226605,150,32.290345631029915
54.26711251380763,108.33320769173567,64.86086004037425,19.306667416212157,35.670268146368,54.671197248394066,151,32.743068468931405
54.9954998853651,108.24123768942782,64.6853336503648,19.660876899570876,35.73463387300048,54.27843980082325,152,32.096114468828326
21.528554797060814,106.82429822381972,62.98173950931967,22.366815046042912,4.19052071523164,24.788600842439877,153,32.46684951703242
14.049665931023334,106.94075891775825,63.10904385632676,22.567358995474564,-5.540790578607383,11.967850963711454,154,32.290345631254084
0.0,106.94075891855546,63.10904385655688,22.072900592450594,-21.71266590005858,0.0,155,32.29034563164816
0.0,106.94075891899205,63.10904385631193,20.51156780990911,-19.946941792842708,0.2784890315665806,156,32.29034563176727
0.0,106.82429822402024,62.98173950957976,20.89130157250554,-19.907172167832478,0.06839335253776221,157,32.466849516837506
0.0,106.94075891906047,63.10904385631121,21.131510359154625,-19.906377000577994,0.0903728067043609,158,32.29034563179498
0.0,106.82429822379014,62.981739509364346,22.009798236126336,-21.496092350620344,0.3394665586721634,159,32.46684951694384
46.57302648970678,107.50089423156722,63.75890632957581,18.804021991453727,28.866730658816607,46.70844033204581,160,32.65002353302734
62.02670881811339,111.00934041901372,70.20225307132502,20.644388822288306,48.82854157333507,68.90936271496254,161,33.88207360569081
65.8805357824866,112.33741229236853,72.86448344580576,20.083925434366414,51.30565654885518,71.42434481704899,162,33.80761614603522
66.50299027653426,112.48120872570817,72.59314396319016,19.142913006364918,50.170667619213006,71.91380661637078,163,33.32051756376837
66.05416535470985,111.52281485765305,71.16186052008958,19.40011061468693,49.212310340477224,70.80238934452439,164,33.603110441157234
65.6197371818359,111.30721124548441,70.50950642891955,19.649199982224673,48.303222717827886,70.18995474459585,165,33.2956399945973
65.35145418941266,110.78226360303442,69.62752526085816,20.010186830089285,47.30089662861914,69.48610147954967,166,33.285986025813735
66.87222446719902,110.10570996802348,67.97724874528548,19.754821344843506,46.1459717660132,67.68530511337137,167,33.02529899034065
67.03700550096407,112.46501870594642,66.82045381453054,37.29419226501079,45.56787872834167,66.69556838272187,168,32.983707758698266
0.0,106.8242990611741,62.981729140059414,20.52390256286817,-20.274213796311226,55.00000000021197,169,32.466855157316324
0.0,106.94073171713927,63.10906056820704,20.832005433385905,-19.703537461713267,55.00000000020785,170,32.29032843745735
0.0,106.82429906117505,62.981729140062896,20.662147322191373,-19.49904920164169,55.00000000020647,171,32.46685515731735
0.0,106.72123609391177,62.74567986638206,20.802871747112494,-19.6678219274814,55.00000000020754,172,32.30767319907224
0.0,106.72123609390245,62.74567986627147,20.515779233055625,-20.294403584712498,42.98310694540684,173,32.307673199066144
6.151059009193719,106.72123609393428,62.745679866353996,20.815730385714392,-9.628321828483488,18.9493208370351,174,32.30767319906909
43.083564601898125,106.84248750825562,63.031147929305185,18.8451720326972,25.232722591651232,43.61993002078866,175,32.4318608984518
52.162521842888005,107.89944761887794,64.57217138878772,19.499309474102052,33.29065626483643,51.68298213923885,176,32.14765576480408
48.46373045388701,107.82872747981365,64.2021077914383,18.825879139355045,29.824736139908214,47.182133066439356,177,32.759570335254075
20.89761607293317,106.72123609388296,62.74567986635417,21.613217123880347,1.5931719984159998,20.11744461500385,178,32.30767319907485
11.836824918144554,106.7212360939164,62.7456798663849,22.753532496385134,-7.771186514931208,9.436134216792087,179,32.30767319907404
0.0,106.72123609296538,62.745679865093734,22.451337821976374,-22.294257707539455,0.0,180,32.30767319911557
0.0,106.72123609391089,62.74567986637995,20.185457068258252,-20.42380256983185,0.0,181,32.30767319907338
0.0,106.72123609296568,62.745679865084114,21.468654671917204,-20.313602828150703,0.0,182,32.30767319910657
0.0,106.721236093918,62.74567986638739,21.43618805388175,-21.11361368435868,0.0,183,32.30767319907279
6.713087504039951,106.72123609390646,62.745679866374594,24.154762801136314,-7.0372106250369075,14.899898267781133,184,32.30767319907458
45.81784946895496,107.42475402473814,63.667767567284265,18.35874914058317,28.167300411182346,46.13464406149404,185,32.61333113758116
24.636675347060788,106.82429906117201,62.98172914005196,22.775037785804834,8.47796506356535,30.390587320491992,186,32.46685515733129
15.929389415519326,106.94073171713919,63.109060568315385,20.99520445444904,1.4625828340275362,42.9831069457529,187,32.29032843738272
0.0,106.72123609296457,62.74567986509657,20.94166888453141,-18.924667774997264,55.000000000224716,188,32.307673199115236
0.0,106.72123609391898,62.74567986642917,21.191393848668216,-20.517611535981864,55.00000000021096,189,32.30767319909658
0.0,106.94073171735118,63.10906056830879,21.026792830746405,-20.78221173592272,55.000000000212005,190,32.290328437470016
0.0,106.72123609390886,62.7456798663786,21.877547676064445,-21.66119763041053,55.0000000002172,191,32.30767319907089
0.0,106.7212360939187,62.7456798663875,21.732991466977417,-21.566214401260307,55.000000000218726,192,32.3076731990709
